timestamp,X,Y,Z,chiamate,p0,p_cappuccio,z,significativo
1465834048,1770,1766,1789,4,0.0002937116339178195,5.896574090453446e-05,-0.047456077572400834,0.5189251320561503
1466184715,1775,1766,1786,4,2.937116339178195e-05,8.844861135680171e-05,0.11587953702858453,0.4538740067565626
1466184716,1775,1766,1786,2,2.937116339178195e-05,8.844861135680171e-05,0.11587953702858453,0.4538740067565626
1466201664,1788,1766,1773,4,0.003700766587364525,5.896574090453446e-05,-1.0035856964221783,0.8422108240977759
1467235133,1765,1766,1773,4,0.00361265309718918,0.0002948287045226723,-0.938474350482198,0.8259996537992963
1467287437,1773,1766,1765,16,0.002672775868652157,0.00035379444542720683,-0.6841339680541672,0.7530547129540901
1467405749,1765,1766,1788,8,0.0021440949276000823,0.00011793148180906893,-0.7433867212955896,0.7713762093573331
1468453047,1778,1766,1773,4,0.003730137750756308,0.00017689722271360342,-0.1748617941810936,0.5694058842477737
1468453048,1778,1766,1773,4,0.003730137750756308,0.00017689722271360342,-0.1748617941810936,0.5694058842477737
1468453050,1778,1766,1773,4,0.003730137750756308,0.00017689722271360342,-0.1748617941810936,0.5694058842477737
1469103507,1773,1766,1788,40,0.0019091256204658265,0.0005896574090453446,-0.4604056332459146,0.6773874539984064
1469309202,1789,1766,1788,4,0.002202837254383646,0.00017689722271360342,-0.21169951749382315,0.5838292677234018
1469309204,1789,1766,1788,8,0.002202837254383646,0.00017689722271360342,-0.21169951749382315,0.5838292677234018
1470145078,1768,1766,1810,8,0.0009986195553205862,0.0005306916681408102,-0.09601089022832424,0.5382440383146836
1470145080,1768,1766,1810,16,0.0009986195553205862,0.0005306916681408102,-0.09601089022832424,0.5382440383146836
1470352226,1822,1766,1838,8,5.8742326783563894e-05,0.0002948287045226723,0.11106565666266316,0.455782141109856
1470352569,1822,1766,1838,12,5.8742326783563894e-05,0.0002948287045226723,0.11106565666266316,0.455782141109856
1470574374,1773,1766,1849,4,0.0,5.896574090453446e-05,inf,0.0
1471202491,1838,1931,1842,2,0.0014685581695890973,0.0016805236157792322,0.07886542345630186,0.4685698328168182
1472074589,1765,1766,1767,4,0.0,0.00011793148180906893,inf,0.0
1472074590,1765,1766,1767,4,0.0,0.00011793148180906893,inf,0.0
1472557975,1838,1931,1791,8,0.0035832819337973977,0.00023586296361813785,-0.7981731221667739,0.7876149837104136
1472557985,1838,1931,1791,8,0.0035832819337973977,0.00023586296361813785,-0.7981731221667739,0.7876149837104136
1472559207,1842,1931,1791,8,0.0035832819337973977,0.00011793148180906893,-0.4416723027423082,0.6706368224649462
1472671002,1931,1931,1838,24,0.0039357358944987824,0.00035379444542720683,-0.16181054573888154,0.5642724759051708
1472820629,2058,1935,1931,12,0.000587423267835639,0.00017689722271360342,-0.0415019366314814,0.5165521255113606
1473239521,1862,1766,1765,4,0.0028490028490028487,5.896574090453446e-05,-0.052345948530945735,0.5208734790775026
1473937131,1773,1766,1765,8,0.002672775868652157,0.00035379444542720683,-0.6841339680541672,0.7530547129540901
1473943246,1842,1931,1838,4,0.003994478221282345,0.00011793148180906893,-0.4680563262242018,0.6801278449173787
1474456417,1838,1931,1842,4,0.0014685581695890973,0.0016805236157792322,0.07886542345630186,0.4685698328168182
1474480032,1838,1931,1842,6,0.0014685581695890973,0.0016805236157792322,0.07886542345630186,0.4685698328168182
1474480033,1838,1931,1842,6,0.0014685581695890973,0.0016805236157792322,0.07886542345630186,0.4685698328168182
1474480035,1838,1931,1842,12,0.0014685581695890973,0.0016805236157792322,0.07886542345630186,0.4685698328168182
1474480037,1838,1931,1842,6,0.0014685581695890973,0.0016805236157792322,0.07886542345630186,0.4685698328168182
1474480038,1838,1931,1842,6,0.0014685581695890973,0.0016805236157792322,0.07886542345630186,0.4685698328168182
1474480039,1838,1931,1842,6,0.0014685581695890973,0.0016805236157792322,0.07886542345630186,0.4685698328168182
1474480040,1838,1931,1842,6,0.0014685581695890973,0.0016805236157792322,0.07886542345630186,0.4685698328168182
1474480042,1838,1931,1842,6,0.0014685581695890973,0.0016805236157792322,0.07886542345630186,0.4685698328168182
1474480047,1838,1931,1842,6,0.0014685581695890973,0.0016805236157792322,0.07886542345630186,0.4685698328168182
1474480067,1838,1931,1842,6,0.0014685581695890973,0.0016805236157792322,0.07886542345630186,0.4685698328168182
1474480074,1838,1931,1842,6,0.0014685581695890973,0.0016805236157792322,0.07886542345630186,0.4685698328168182
1474480657,1842,1931,1838,4,0.003994478221282345,0.00011793148180906893,-0.4680563262242018,0.6801278449173787
1474480658,1838,1931,1842,6,0.0014685581695890973,0.0016805236157792322,0.07886542345630186,0.4685698328168182
1474480660,1838,1931,1842,6,0.0014685581695890973,0.0016805236157792322,0.07886542345630186,0.4685698328168182
1474480661,1838,1931,1842,12,0.0014685581695890973,0.0016805236157792322,0.07886542345630186,0.4685698328168182
1474480665,1838,1931,1842,6,0.0014685581695890973,0.0016805236157792322,0.07886542345630186,0.4685698328168182
1474480693,1838,1931,1842,6,0.0014685581695890973,0.0016805236157792322,0.07886542345630186,0.4685698328168182
1474495475,1848,1766,1765,4,0.0027902605222192853,0.00011793148180906893,-0.25832174882760783,0.6019206987012524
1474495476,1848,1766,1765,4,0.0027902605222192853,0.00011793148180906893,-0.25832174882760783,0.6019206987012524
1474555175,1768,1766,1810,4,0.0009986195553205862,0.0005306916681408102,-0.09601089022832424,0.5382440383146836
1474555175,1768,1766,1832,2,0.000528680941052075,8.844861135680171e-05,-0.12411508898891314,0.5493879243743607
1474555177,1768,1766,1810,8,0.0009986195553205862,0.0005306916681408102,-0.09601089022832424,0.5382440383146836
1474555177,1768,1766,1832,4,0.000528680941052075,8.844861135680171e-05,-0.12411508898891314,0.5493879243743607
1475777130,1773,1766,1775,8,0.0002349693071342556,0.00011793148180906893,-0.11630963607012995,0.5462964255167813
1477060683,1950,1931,1931,4,0.0002349693071342556,8.844861135680171e-05,-0.04967367770737074,0.5198087836484229
1477060684,1950,1931,1931,2,0.0002349693071342556,8.844861135680171e-05,-0.04967367770737074,0.5198087836484229
1477230108,1848,1766,1768,4,0.0007049079214027668,5.896574090453446e-05,-0.1240987041267407,0.5493814379069089
1477831179,1765,1766,1773,4,0.00361265309718918,0.0002948287045226723,-0.938474350482198,0.8259996537992963
1477831181,1765,1766,1773,4,0.00361265309718918,0.0002948287045226723,-0.938474350482198,0.8259996537992963
1477831764,1765,1766,1773,4,0.00361265309718918,0.0002948287045226723,-0.938474350482198,0.8259996537992963
1477831766,1765,1766,1773,4,0.00361265309718918,0.0002948287045226723,-0.938474350482198,0.8259996537992963
1478459725,2102,2050,2099,2,0.0,2.948287045226723e-05,inf,0.0
1478460931,43324,2050,2099,2,2.937116339178195e-05,5.896574090453446e-05,0.009458419569248273,0.4962266927892145
1478461033,43324,2050,2099,2,2.937116339178195e-05,5.896574090453446e-05,0.009458419569248273,0.4962266927892145
1478609241,1953,1950,1955,4,0.0008811349017534586,5.896574090453446e-05,-0.07331290370526275,0.5292214381695319
1478791452,1955,1950,2045,4,0.000587423267835639,5.896574090453446e-05,-0.08160675861736365,0.5325202866875991
1478793126,2012,1935,2071,4,0.001174846535671278,5.896574090453446e-05,-0.11745031167593036,0.5467483915149405
1478885440,2045,1950,34454,8,0.0002643404705260375,0.00011793148180906893,-0.03119851644727397,0.5124443884782883
1479229834,1825,1766,1773,8,0.003730137750756308,0.00011793148180906893,-0.32991530055393903,0.6292680189854578
1479236259,1954,1950,2040,4,0.0006755367580109847,0.00011793148180906893,-0.04798816291299802,0.5191371618169136
1479236260,1954,1950,2040,4,0.0006755367580109847,0.00011793148180906893,-0.04798816291299802,0.5191371618169136
1479558814,1775,1766,1825,12,0.0001174846535671278,0.00017689722271360342,0.0582710034878516,0.4767663820604541
1480102862,11,1950,7980,4,0.0002937116339178195,5.896574090453446e-05,-0.036245177943537175,0.5144565685762399
1480168230,1807,1766,1768,4,0.0006461655946192027,5.896574090453446e-05,-0.2105200324490489,0.5833690908318836
1480959341,1773,1766,1810,8,0.001174846535671278,0.00011793148180906893,-0.4699468798444078,0.6808035151157135
1481123665,1915,1766,1775,4,0.0002937116339178195,5.896574090453446e-05,-0.019373862541053114,0.5077285694173098
1481577001,43332,2050,34570,4,0.000587423267835639,5.896574090453446e-05,-0.0436206473130481,0.5173966034074063
1481730299,2102,2050,34570,6,0.000587423267835639,8.844861135680171e-05,-0.046048502594283135,0.5183642042973017
1483558537,43380,1980,18,4,0.0015273004963726616,5.896574090453446e-05,-0.037600596512139546,0.5149969338441156
1483883583,46522,34458,2071,18,0.004787499632860457,0.0002653458340704051,-0.06551383772460025,0.5261175554527795
1484676474,11,8171,8042,4,0.0014979293329808795,0.00011793148180906893,-0.14273098203174675,0.5567486764493301
1484676539,11,8171,8042,4,0.0014979293329808795,0.00011793148180906893,-0.14273098203174675,0.5567486764493301
1485175092,2071,34458,2058,16,0.0,0.00023586296361813785,inf,0.0
1485381616,7982,8171,2072,4,0.0046406438159015476,5.896574090453446e-05,-0.22358457773249696,0.5884597174604116
1485397497,8042,2030,8171,84,0.002731518195435721,0.04846983902352733,3.819872975175513,6.676020901685842e-05
1485397649,8042,2030,8171,124,0.002731518195435721,0.04846983902352733,3.819872975175513,6.676020901685842e-05
1485397682,8042,2030,8171,134,0.002731518195435721,0.04846983902352733,3.819872975175513,6.676020901685842e-05
1485397767,8042,2030,8171,156,0.002731518195435721,0.04846983902352733,3.819872975175513,6.676020901685842e-05
1485397874,8042,2030,8171,186,0.002731518195435721,0.04846983902352733,3.819872975175513,6.676020901685842e-05
1485397909,8042,2030,8171,186,0.002731518195435721,0.04846983902352733,3.819872975175513,6.676020901685842e-05
1485397942,8042,2030,8171,186,0.002731518195435721,0.04846983902352733,3.819872975175513,6.676020901685842e-05
1485397972,8042,2030,8171,186,0.002731518195435721,0.04846983902352733,3.819872975175513,6.676020901685842e-05
1485398010,8042,2030,8171,186,0.002731518195435721,0.04846983902352733,3.819872975175513,6.676020901685842e-05
1485398042,8042,2030,8171,186,0.002731518195435721,0.04846983902352733,3.819872975175513,6.676020901685842e-05
1485398075,8042,2030,8171,186,0.002731518195435721,0.04846983902352733,3.819872975175513,6.676020901685842e-05
1485398115,8042,2030,8171,186,0.002731518195435721,0.04846983902352733,3.819872975175513,6.676020901685842e-05
1485398154,8042,2030,8171,186,0.002731518195435721,0.04846983902352733,3.819872975175513,6.676020901685842e-05
1485398187,8042,2030,8171,186,0.002731518195435721,0.04846983902352733,3.819872975175513,6.676020901685842e-05
1485398228,8042,2030,8171,186,0.002731518195435721,0.04846983902352733,3.819872975175513,6.676020901685842e-05
1485398278,8042,2030,8171,186,0.002731518195435721,0.04846983902352733,3.819872975175513,6.676020901685842e-05
1485398317,8042,2030,8171,186,0.002731518195435721,0.04846983902352733,3.819872975175513,6.676020901685842e-05
1485398397,8042,2030,8171,186,0.002731518195435721,0.04846983902352733,3.819872975175513,6.676020901685842e-05
1485398454,8042,2030,8171,186,0.002731518195435721,0.04846983902352733,3.819872975175513,6.676020901685842e-05
1486399908,2072,8171,1953,2,0.0031133433195288857,2.948287045226723e-05,-0.3835119819563297,0.6493299060759531
1486399908,2072,8171,8042,8,0.0014098158428055335,0.00011793148180906893,-0.23854450668342084,0.5942705999547879
1486400563,8042,8171,1953,2,0.0031133433195288857,5.896574090453446e-05,-0.3149512194267717,0.6236006542237273
1486400564,8042,8171,1953,2,0.0031133433195288857,5.896574090453446e-05,-0.3149512194267717,0.6236006542237273
1486417859,1953,8171,2072,2,0.00467001497929333,2.948287045226723e-05,-0.4616406216649338,0.6778304705475957
1486666319,2072,8171,35151,6,0.0018210121302904808,0.00020638009316587062,-0.2623817068616119,0.6034864127052857
1486675090,2072,8171,35151,4,0.0018210121302904808,0.00020638009316587062,-0.2623817068616119,0.6034864127052857
1486737183,34666,34632,34513,2,0.0012923311892384054,2.948287045226723e-05,-0.17220696233721228,0.5683625877508496
1486745671,8042,8171,35151,40,0.0020266102740329546,0.006132437054071584,0.5244607508098048,0.29997905598773666
1486745673,8042,8171,35151,40,0.0020266102740329546,0.006132437054071584,0.5244607508098048,0.29997905598773666
1486745702,8042,8171,35151,40,0.0020266102740329546,0.006132437054071584,0.5244607508098048,0.29997905598773666
1486745703,8042,8171,35151,40,0.0020266102740329546,0.006132437054071584,0.5244607508098048,0.29997905598773666
1486746120,8042,8171,35151,32,0.0020266102740329546,0.006132437054071584,0.5244607508098048,0.29997905598773666
1486746122,8042,8171,35151,32,0.0020266102740329546,0.006132437054071584,0.5244607508098048,0.29997905598773666
1486746147,8042,8171,35151,32,0.0020266102740329546,0.006132437054071584,0.5244607508098048,0.29997905598773666
1486746148,8042,8171,35151,32,0.0020266102740329546,0.006132437054071584,0.5244607508098048,0.29997905598773666
1486746197,8042,8171,35151,32,0.0020266102740329546,0.006132437054071584,0.5244607508098048,0.29997905598773666
1486746199,8042,8171,35151,32,0.0020266102740329546,0.006132437054071584,0.5244607508098048,0.29997905598773666
1486746254,8042,8171,35151,32,0.0020266102740329546,0.006132437054071584,0.5244607508098048,0.29997905598773666
1486746256,8042,8171,35151,32,0.0020266102740329546,0.006132437054071584,0.5244607508098048,0.29997905598773666
1486760368,34634,1955,1950,2,0.0003818251240931654,0.00011793148180906893,-0.09646387254626286,0.5384239171942339
1486760462,34634,1955,1950,2,0.0003818251240931654,0.00011793148180906893,-0.09646387254626286,0.5384239171942339
1486760675,34634,1955,1950,4,0.0003818251240931654,0.00011793148180906893,-0.09646387254626286,0.5384239171942339
1486917338,34632,34513,34661,2,0.0002349693071342556,2.948287045226723e-05,-0.08993627146835602,0.5358310712658284
1488204407,2072,8171,2053,4,0.0004405674508767292,5.896574090453446e-05,-0.12598545701740635,0.5501282817688172
1488204407,2072,8171,35151,4,0.0018210121302904808,0.00020638009316587062,-0.2623817068616119,0.6034864127052857
1488204407,2072,8171,43943,2,0.0001762269803506917,2.948287045226723e-05,-0.07659199252245011,0.5305259353585011
1488204924,43943,8171,35151,4,0.0019678679472493912,5.896574090453446e-05,-0.08614765054845265,0.5343254776351586
1488224011,8171,1953,8042,4,0.001644785149939789,5.896574090453446e-05,-0.4048074385005421,0.6571904696898266
1488278450,2072,8171,2040,2,0.0001762269803506917,2.948287045226723e-05,-0.07659199252245011,0.5305259353585011
1488674720,1953,8171,8172,6,0.0016154139865480071,0.00011793148180906893,-0.2529005768616461,0.5998274781555224
1489260229,1909,1765,1786,4,0.07483772432226041,0.00035379444542720683,-2.401925796445087,0.9918454918437436
1489280585,1953,8171,11,4,0.001850383293682263,5.896574090453446e-05,-0.2827138400264455,0.6113018969562993
1489280585,1953,8171,43946,4,0.0004405674508767292,5.896574090453446e-05,-0.12333283452669667,0.5490782294434202
1489403566,1909,1765,1848,2,0.00831203923987429,0.000383277315879474,-0.7410206539333501,0.7706595413378184
1489595094,18,8171,2053,4,0.0004405674508767292,0.00017689722271360342,-0.02809542344960133,0.5112069779038353
1489595096,18,8171,2053,8,0.0004405674508767292,0.00017689722271360342,-0.02809542344960133,0.5112069779038353
1490039695,34632,34513,34666,4,0.0017916409668986989,0.00014741435226133616,-0.26081456302376504,0.6028822433130305
1490039761,34632,34513,34666,4,0.0017916409668986989,0.00014741435226133616,-0.26081456302376504,0.6028822433130305
1490046324,34513,34666,34632,2,0.0006755367580109847,2.948287045226723e-05,-0.19892115810889394,0.5788377907647551
1490065613,8172,8171,8173,2,0.0003230827973096013,8.844861135680171e-05,-0.10686658727208063,0.542552589576908
1490065614,8172,8171,8173,2,0.0003230827973096013,8.844861135680171e-05,-0.10686658727208063,0.542552589576908
1490065618,8172,8171,8173,2,0.0003230827973096013,8.844861135680171e-05,-0.10686658727208063,0.542552589576908
1490123889,34632,34513,34666,2,0.0017916409668986989,0.00014741435226133616,-0.26081456302376504,0.6028822433130305
1490987806,34513,8171,34572,4,0.0,5.896574090453446e-05,inf,0.0
1490988677,34572,8171,43946,2,0.0004993097776602931,2.948287045226723e-05,-0.021031066707184458,0.5083895632481792
1490990293,1773,1765,1786,4,0.07504332246600287,5.896574090453446e-05,-2.2045988290543947,0.9862588709939978
1491317179,34666,34513,8171,26,0.002584662378476812,0.000383277315879474,-0.2637284276207411,0.6040054056356402
1491825124,8171,34513,34632,2,0.0019972391106411725,0.00011793148180906893,-0.15177094928707555,0.5603162021139299
1491839025,8171,34513,34632,2,0.0019972391106411725,0.00011793148180906893,-0.15177094928707555,0.5603162021139299
1491839086,8171,34513,34632,2,0.0019972391106411725,0.00011793148180906893,-0.15177094928707555,0.5603162021139299
1491840498,34513,34632,34666,2,0.0003230827973096013,2.948287045226723e-05,-0.13668416805148284,0.5543597779320659
1491841011,34666,34513,34632,4,0.0020266102740329546,5.896574090453446e-05,-0.26613555845628706,0.6049325947525985
1491923236,7982,8171,8173,2,0.0003230827973096013,2.948287045226723e-05,-0.05418331052418078,0.5216054412887843
1492001179,8171,34513,34632,2,0.0019972391106411725,0.00011793148180906893,-0.15177094928707555,0.5603162021139299
1492105760,34666,34632,34660,2,0.00020559814374247363,2.948287045226723e-05,-0.06017799264582531,0.5239930633664044
1492106413,34632,34660,34513,2,0.0001174846535671278,2.948287045226723e-05,-0.02296526219805076,0.5091610088065663
1492121731,1953,8171,8042,2,0.0014979293329808795,2.948287045226723e-05,-0.2575235115135964,0.601612666188079
1492188611,34632,34660,34666,2,0.0002937116339178195,2.948287045226723e-05,-0.04361423901447629,0.5173940492968904
1492197557,1953,8171,8172,2,0.0016154139865480071,0.00011793148180906893,-0.2529005768616461,0.5998274781555224
1492276538,34632,34660,43903,4,0.0001762269803506917,8.844861135680171e-05,-0.018704003333601785,0.5074613826919756
1492283498,43903,34660,34632,4,0.0004405674508767292,0.00011793148180906893,-0.053258985679341835,0.5212372207591622
1492284629,43903,34660,34632,4,0.0004405674508767292,0.00011793148180906893,-0.053258985679341835,0.5212372207591622
1492288520,34632,34660,43903,2,0.0001762269803506917,8.844861135680171e-05,-0.018704003333601785,0.5074613826919756
1492506664,1786,1765,1775,4,0.0069903368872441035,0.0009729347249248188,-1.5439788513163195,0.9387032719475232
1492521860,34660,34632,34666,2,0.0003524539607013834,2.948287045226723e-05,-0.06663994490132732,0.5265658275124596
1492802108,34666,8171,2045,2,0.000587423267835639,5.896574090453446e-05,-0.10684832816687392,0.5425453467174608
1492802115,34666,8171,2045,2,0.000587423267835639,5.896574090453446e-05,-0.10684832816687392,0.5425453467174608
1492802942,35616,34458,2045,4,5.8742326783563894e-05,0.0006781060204021464,0.6154558787340825,0.26912684929990593
1492805035,2045,34458,35616,4,0.0003524539607013834,5.896574090453446e-05,-0.02708174544149406,0.5108027327758117
1492805162,35616,34458,2045,6,5.8742326783563894e-05,0.0006781060204021464,0.6154558787340825,0.26912684929990593
1492805163,35616,34458,2045,6,5.8742326783563894e-05,0.0006781060204021464,0.6154558787340825,0.26912684929990593
1492805165,35616,34458,2045,6,5.8742326783563894e-05,0.0006781060204021464,0.6154558787340825,0.26912684929990593
1492805321,35616,34458,2045,6,5.8742326783563894e-05,0.0006781060204021464,0.6154558787340825,0.26912684929990593
1492805322,35616,34458,2045,6,5.8742326783563894e-05,0.0006781060204021464,0.6154558787340825,0.26912684929990593
1492805326,35616,34458,2045,6,5.8742326783563894e-05,0.0006781060204021464,0.6154558787340825,0.26912684929990593
1492805333,35616,34458,2045,6,5.8742326783563894e-05,0.0006781060204021464,0.6154558787340825,0.26912684929990593
1492874494,34666,8171,1953,4,0.0031427144829206683,0.00011793148180906893,-0.2647469023839866,0.6043977783193132
1492874501,34666,8171,1953,4,0.0031427144829206683,0.00011793148180906893,-0.2647469023839866,0.6043977783193132
1492969614,35618,34458,35616,4,0.0003524539607013834,5.896574090453446e-05,-0.058503256622204035,0.5233261157348124
1493015787,7955,8042,35435,6,0.0007049079214027668,0.00017689722271360342,-0.21883779735234826,0.5866117988085773
1493015790,7955,8042,35435,6,0.0007049079214027668,0.00017689722271360342,-0.21883779735234826,0.5866117988085773
1493016312,35435,8042,7955,4,0.004288189855200165,5.896574090453446e-05,-0.14472443750643085,0.5575357780263152
1493327865,8042,1953,34458,4,0.00014685581695890974,0.00011793148180906893,-0.01968358302197906,0.5078521064527954
1493327866,8042,1953,34458,4,0.00014685581695890974,0.00011793148180906893,-0.01968358302197906,0.5078521064527954
1493330341,34458,1953,8042,20,0.0017035274767233527,0.0002948287045226723,-0.04830908304579016,0.5192650421082305
1493918367,1831,1773,1788,44,0.000587423267835639,0.0021227666725632407,0.6941417608392004,0.2437966557618163
1493918368,1831,1773,1788,44,0.000587423267835639,0.0021227666725632407,0.6941417608392004,0.2437966557618163
1493918369,1831,1773,1788,44,0.000587423267835639,0.0021227666725632407,0.6941417608392004,0.2437966557618163
1493922382,1768,1773,1788,4,0.0012335888624548418,0.00017689722271360342,-0.4072458170457858,0.6580862731311806
1493922383,1768,1773,1788,8,0.0012335888624548418,0.00017689722271360342,-0.4072458170457858,0.6580862731311806
1493995067,1786,1765,1848,2,0.0077833582988222185,0.001503626393065629,-1.5276098085287342,0.9366952774946188
1494013739,1768,1773,1886,4,0.001145475372279496,0.00041276018633174124,-0.2930331399595608,0.6152515895290337
1494119285,1886,1773,1775,4,0.000587423267835639,0.00011793148180906893,-0.12100750997366068,0.5481574565947027
1494119373,1886,1773,1775,4,0.000587423267835639,0.00011793148180906893,-0.12100750997366068,0.5481574565947027
1494183632,8270,1765,1848,4,0.00831203923987429,0.00023586296361813785,-1.6402269194865209,0.9495210029349748
1494346625,35646,35654,44610,4,0.0018797544570740448,0.00011793148180906893,-0.3016488124484439,0.6185401033824548
1494346628,35646,35654,44610,4,0.0018797544570740448,0.00011793148180906893,-0.3016488124484439,0.6185401033824548
1494496273,1786,1765,1848,4,0.0077833582988222185,0.001503626393065629,-1.5276098085287342,0.9366952774946188
1494497315,1848,1765,1773,6,0.004846241959644022,8.844861135680171e-05,-0.5649530930896879,0.7139471652239039
1494497315,1848,1765,1786,4,0.07472023966869328,0.000383277315879474,-2.3313292224391042,0.9901319967689269
1494612454,8270,1773,1843,12,0.0008223925749698945,0.00017689722271360342,-0.8078327513675028,0.790406565793875
1494690789,1765,8270,1822,8,0.0002643404705260375,0.00041276018633174124,0.3070424884411468,0.3794055160320443
1494702160,8270,1773,1848,20,0.0005580521044438573,0.0011793148180906893,0.943731390768825,0.17265346430533224
1494702705,1848,1773,1886,4,0.0012629600258466235,0.00035379444542720683,-0.15780269035341646,0.5626938606867886
1494702705,1848,1773,8270,18,0.07104884424472054,0.0009729347249248188,-1.6814563319312108,0.9536628441886884
1494702770,1848,1773,1886,4,0.0012629600258466235,0.00035379444542720683,-0.15780269035341646,0.5626938606867886
1494702770,1848,1773,8270,18,0.07104884424472054,0.0009729347249248188,-1.6814563319312108,0.9536628441886884
1494702789,8270,1773,1848,20,0.0005580521044438573,0.0011793148180906893,0.943731390768825,0.17265346430533224
1494702789,8270,1773,1886,4,0.0012042176990630599,0.0005896574090453446,-0.6357156680942804,0.7375191188630512
1494702791,8270,1773,1848,20,0.0005580521044438573,0.0011793148180906893,0.943731390768825,0.17265346430533224
1494702791,8270,1773,1886,4,0.0012042176990630599,0.0005896574090453446,-0.6357156680942804,0.7375191188630512
1494703375,1848,1773,1886,4,0.0012629600258466235,0.00035379444542720683,-0.15780269035341646,0.5626938606867886
1494703375,1848,1773,8270,6,0.07104884424472054,0.0009729347249248188,-1.6814563319312108,0.9536628441886884
1494703377,1848,1773,1886,4,0.0012629600258466235,0.00035379444542720683,-0.15780269035341646,0.5626938606867886
1494703377,1848,1773,8270,6,0.07104884424472054,0.0009729347249248188,-1.6814563319312108,0.9536628441886884
1494703416,8270,1773,1848,8,0.0005580521044438573,0.0011793148180906893,0.943731390768825,0.17265346430533224
1494703416,8270,1773,1886,4,0.0012042176990630599,0.0005896574090453446,-0.6357156680942804,0.7375191188630512
1494703554,8270,1773,1886,4,0.0012042176990630599,0.0005896574090453446,-0.6357156680942804,0.7375191188630512
1494703701,8270,1773,1886,4,0.0012042176990630599,0.0005896574090453446,-0.6357156680942804,0.7375191188630512
1494703829,1848,1773,1886,4,0.0012629600258466235,0.00035379444542720683,-0.15780269035341646,0.5626938606867886
1494703831,1848,1773,1886,4,0.0012629600258466235,0.00035379444542720683,-0.15780269035341646,0.5626938606867886
1494703839,8270,1773,1886,4,0.0012042176990630599,0.0005896574090453446,-0.6357156680942804,0.7375191188630512
1494704019,8270,1773,1886,4,0.0012042176990630599,0.0005896574090453446,-0.6357156680942804,0.7375191188630512
1494720058,1765,8270,1822,20,0.0002643404705260375,0.00041276018633174124,0.3070424884411468,0.3794055160320443
1494741010,35638,34697,35637,8,0.0005580521044438573,0.00041276018633174124,-0.02382708559641648,0.5095047325010028
1494741061,35638,34697,35637,4,0.0005580521044438573,0.00041276018633174124,-0.02382708559641648,0.5095047325010028
1494749232,35638,34697,35637,4,0.0005580521044438573,0.00041276018633174124,-0.02382708559641648,0.5095047325010028
1494755923,34713,34791,34749,4,0.0008517637383616768,8.844861135680171e-05,-0.0979024027048367,0.5389951039638563
1494756378,35637,34791,34749,8,0.0007636502481863308,0.00041276018633174124,-0.0491966280138772,0.519618700765137
1494757703,35637,34791,34749,2,0.0007636502481863308,0.00041276018633174124,-0.0491966280138772,0.519618700765137
1494757704,35637,34791,34749,2,0.0007636502481863308,0.00041276018633174124,-0.0491966280138772,0.519618700765137
1494759564,35637,34791,34749,2,0.0007636502481863308,0.00041276018633174124,-0.0491966280138772,0.519618700765137
1494759565,35637,34791,34749,2,0.0007636502481863308,0.00041276018633174124,-0.0491966280138772,0.519618700765137
1494760687,35637,34697,35638,8,0.0004993097776602931,0.00023586296361813785,-0.06671006372514475,0.5265937387664004
1494760768,35637,34697,35638,8,0.0004993097776602931,0.00023586296361813785,-0.06671006372514475,0.5265937387664004
1494761800,34713,34791,34749,2,0.0008517637383616768,8.844861135680171e-05,-0.0979024027048367,0.5389951039638563
1494761800,34713,34791,35637,4,0.0002349693071342556,5.896574090453446e-05,-0.042966595799794234,0.5171359190296387
1494761941,34791,35637,34697,4,0.0008223925749698945,0.00017689722271360342,-0.07120855665334469,0.5283841142589509
1494762067,34791,35637,34697,4,0.0008223925749698945,0.00017689722271360342,-0.07120855665334469,0.5283841142589509
1494765682,34791,35637,34697,4,0.0008223925749698945,0.00017689722271360342,-0.07120855665334469,0.5283841142589509
1494766659,35637,34791,34749,4,0.0007636502481863308,0.00041276018633174124,-0.0491966280138772,0.519618700765137
1494769084,35637,34791,34749,2,0.0007636502481863308,0.00041276018633174124,-0.0491966280138772,0.519618700765137
1494769085,35637,34791,34749,2,0.0007636502481863308,0.00041276018633174124,-0.0491966280138772,0.519618700765137
1494770981,35638,34697,35637,12,0.0005580521044438573,0.00041276018633174124,-0.02382708559641648,0.5095047325010028
1494773583,34713,34697,35637,4,0.0006755367580109847,5.896574090453446e-05,-0.11865208067497175,0.5472244988302377
1494773583,34713,34697,35638,2,0.000528680941052075,5.896574090453446e-05,-0.10216981886922136,0.5406890582908463
1494774517,34713,34697,35638,2,0.000528680941052075,5.896574090453446e-05,-0.10216981886922136,0.5406890582908463
1494776041,34713,34697,35639,2,0.0,2.948287045226723e-05,inf,0.0
1494777898,34713,34697,35640,2,5.8742326783563894e-05,5.896574090453446e-05,0.00014575310231412032,0.4999418529251931
1494777922,34713,34697,35640,2,5.8742326783563894e-05,5.896574090453446e-05,0.00014575310231412032,0.4999418529251931
1494778357,35640,34697,34713,4,0.00014685581695890974,0.00011793148180906893,-0.0058468954098569855,0.5023325604978449
1494778561,35637,34791,34749,2,0.0007636502481863308,0.00041276018633174124,-0.0491966280138772,0.519618700765137
1494778562,35637,34791,34749,2,0.0007636502481863308,0.00041276018633174124,-0.0491966280138772,0.519618700765137
1494779699,35640,34697,34713,2,0.00014685581695890974,0.00011793148180906893,-0.0058468954098569855,0.5023325604978449
1494779871,35640,34697,34713,2,0.00014685581695890974,0.00011793148180906893,-0.0058468954098569855,0.5023325604978449
1494848676,35642,34697,34698,4,0.0001174846535671278,0.00023586296361813785,0.021844246773536604,0.4912860993876392
1494848676,35642,34697,34713,4,0.00014685581695890974,0.00023586296361813785,0.01469065600409557,0.4941394869920256
1494848680,35642,34697,34698,4,0.0001174846535671278,0.00023586296361813785,0.021844246773536604,0.4912860993876392
1494848680,35642,34697,34713,4,0.00014685581695890974,0.00023586296361813785,0.01469065600409557,0.4941394869920256
1494848695,35642,34697,34698,4,0.0001174846535671278,0.00023586296361813785,0.021844246773536604,0.4912860993876392
1494848695,35642,34697,34713,4,0.00014685581695890974,0.00023586296361813785,0.01469065600409557,0.4941394869920256
1494848698,35642,34697,34698,4,0.0001174846535671278,0.00023586296361813785,0.021844246773536604,0.4912860993876392
1494848698,35642,34697,34713,4,0.00014685581695890974,0.00023586296361813785,0.01469065600409557,0.4941394869920256
1494863413,34698,34697,34713,2,0.00014685581695890974,2.948287045226723e-05,-0.016777024911451017,0.5066927506085683
1494864130,8270,1773,1768,16,0.003054600992745323,0.00035379444542720683,-1.7557788783009436,0.9604369138749816
1494864131,8270,1773,1768,8,0.003054600992745323,0.00035379444542720683,-1.7557788783009436,0.9604369138749816
1494958113,8270,1773,1848,8,0.0005580521044438573,0.0011793148180906893,0.943731390768825,0.17265346430533224
1494958114,8270,1773,1848,4,0.0005580521044438573,0.0011793148180906893,0.943731390768825,0.17265346430533224
1494964957,1786,1765,1848,2,0.0077833582988222185,0.001503626393065629,-1.5276098085287342,0.9366952774946188
1494964957,1786,1765,8270,2,0.032043939260434105,0.0012677634294474911,-3.7356999182899058,0.9999064031039502
1495126113,1765,8270,9044,12,0.0,0.00017689722271360342,inf,0.0
1495215811,1765,8270,1775,4,0.0053749229006960966,0.00041276018633174124,-2.2823722677113136,0.9887663144026494
1495224981,1773,1822,8270,4,0.0002349693071342556,5.896574090453446e-05,-0.016239846738469704,0.5064784767256876
1495296169,8270,1773,1831,8,0.0032601991364877964,0.00035379444542720683,-1.8290787114039504,0.9663060911870676
1495296170,8270,1773,1831,4,0.0032601991364877964,0.00035379444542720683,-1.8290787114039504,0.9663060911870676
1495296194,8270,1773,1831,12,0.0032601991364877964,0.00035379444542720683,-1.8290787114039504,0.9663060911870676
1495309312,35151,1773,1768,8,0.0031720856463124504,0.00011793148180906893,-0.07681099749476186,0.5306130490739515
1495309940,1765,8270,1773,8,0.036420242605809616,0.0033610472315584645,-5.9348306431284215,0.9999999985292553
1495309940,1765,8270,1775,2,0.0053749229006960966,0.00041276018633174124,-2.2823722677113136,0.9887663144026494
1495310286,1765,8270,1773,8,0.036420242605809616,0.0033610472315584645,-5.9348306431284215,0.9999999985292553
1495310286,1765,8270,1775,2,0.0053749229006960966,0.00041276018633174124,-2.2823722677113136,0.9887663144026494
1495419893,34791,35708,34735,6,0.0,0.0002653458340704051,inf,0.0
1495420033,35708,34735,34791,10,0.0004993097776602931,0.00014741435226133616,-0.027283348091459776,0.5108831308883857
1495420481,34735,35708,34791,6,0.0001174846535671278,0.00041276018633174124,0.15411233251393916,0.4387605822547742
1495420482,34735,35708,34791,6,0.0001174846535671278,0.00041276018633174124,0.15411233251393916,0.4387605822547742
1495420608,34735,35708,34791,2,0.0001174846535671278,0.00041276018633174124,0.15411233251393916,0.4387605822547742
1495420611,34735,35708,34791,2,0.0001174846535671278,0.00041276018633174124,0.15411233251393916,0.4387605822547742
1495420813,34791,35708,34735,4,0.0,0.0002653458340704051,inf,0.0
1495420835,34791,35708,34735,4,0.0,0.0002653458340704051,inf,0.0
1495420879,34735,34791,35708,4,0.0007049079214027668,0.000383277315879474,-0.04996532956976212,0.5199249916044743
1495420898,34791,35708,34735,4,0.0,0.0002653458340704051,inf,0.0
1495420928,34735,34791,35708,2,0.0007049079214027668,0.000383277315879474,-0.04996532956976212,0.5199249916044743
1495420929,34735,34791,35708,2,0.0007049079214027668,0.000383277315879474,-0.04996532956976212,0.5199249916044743
1495420968,34735,34791,35708,4,0.0007049079214027668,0.000383277315879474,-0.04996532956976212,0.5199249916044743
1495422856,34791,34735,35708,10,0.0004993097776602931,0.0007370717613066807,0.0368685836446204,0.4852948946642246
1495423386,34735,35708,34791,4,0.0001174846535671278,0.00041276018633174124,0.15411233251393916,0.4387605822547742
1495424187,34735,35708,34791,8,0.0001174846535671278,0.00041276018633174124,0.15411233251393916,0.4387605822547742
1495424249,34735,34791,35708,2,0.0007049079214027668,0.000383277315879474,-0.04996532956976212,0.5199249916044743
1495424250,34735,34791,35708,2,0.0007049079214027668,0.000383277315879474,-0.04996532956976212,0.5199249916044743
1495424324,35708,34791,34735,2,0.0003524539607013834,5.896574090453446e-05,-0.04136804947905726,0.5164987580973179
1495424325,35708,34791,34735,2,0.0003524539607013834,5.896574090453446e-05,-0.04136804947905726,0.5164987580973179
1495434578,34791,34735,35708,8,0.0004993097776602931,0.0007370717613066807,0.0368685836446204,0.4852948946642246
1495435683,34735,34791,35708,2,0.0007049079214027668,0.000383277315879474,-0.04996532956976212,0.5199249916044743
1495435919,34735,34791,35708,4,0.0007049079214027668,0.000383277315879474,-0.04996532956976212,0.5199249916044743
1495435922,34735,34791,35708,4,0.0007049079214027668,0.000383277315879474,-0.04996532956976212,0.5199249916044743
1495436452,34791,34735,35708,8,0.0004993097776602931,0.0007370717613066807,0.0368685836446204,0.4852948946642246
1495436478,34791,34735,35708,8,0.0004993097776602931,0.0007370717613066807,0.0368685836446204,0.4852948946642246
1495437315,34791,34735,35708,8,0.0004993097776602931,0.0007370717613066807,0.0368685836446204,0.4852948946642246
1495440882,34713,34791,35708,4,0.0007342790847945488,8.844861135680171e-05,-0.08920957644747908,0.5355423225898341
1495441067,34713,34791,35708,2,0.0007342790847945488,8.844861135680171e-05,-0.08920957644747908,0.5355423225898341
1495461127,34790,34749,35708,4,5.8742326783563894e-05,0.00017689722271360342,0.05113111321892922,0.4796105218236502
1495461132,34790,34749,35708,4,5.8742326783563894e-05,0.00017689722271360342,0.05113111321892922,0.4796105218236502
1495461190,34790,34749,35708,4,5.8742326783563894e-05,0.00017689722271360342,0.05113111321892922,0.4796105218236502
1495471905,8270,1773,1927,24,0.0002349693071342556,0.00035379444542720683,0.2781269432202904,0.3904574568381776
1495480247,34791,34790,34757,8,0.0004699386142685112,0.00011793148180906893,-0.022969310842766592,0.5091626235561785
1495525444,34746,34708,34712,2,0.0002349693071342556,2.948287045226723e-05,-0.013406907776407928,0.5053484221354587
1495537604,34791,34735,35708,8,0.0004993097776602931,0.0007370717613066807,0.0368685836446204,0.4852948946642246
1495623919,1786,1765,1773,6,0.004846241959644022,8.844861135680171e-05,-1.4645898984717012,0.9284835801735644
1495623919,1786,1765,8270,2,0.032043939260434105,0.0012677634294474911,-3.7356999182899058,0.9999064031039502
1495660741,34757,34791,34735,2,0.0003230827973096013,0.00014741435226133616,-0.03091056958049875,0.5123295696771136
1495660745,34757,34791,34735,2,0.0003230827973096013,0.00014741435226133616,-0.03091056958049875,0.5123295696771136
1495660800,34757,34791,34735,2,0.0003230827973096013,0.00014741435226133616,-0.03091056958049875,0.5123295696771136
1495660856,34757,34791,34735,2,0.0003230827973096013,0.00014741435226133616,-0.03091056958049875,0.5123295696771136
1495660888,34757,34791,34735,2,0.0003230827973096013,0.00014741435226133616,-0.03091056958049875,0.5123295696771136
1495667761,34713,34791,34757,2,0.0004405674508767292,2.948287045226723e-05,-0.07329674516685811,0.5292150091421011
1495688702,34749,34791,34757,4,0.0004699386142685112,5.896574090453446e-05,-0.059964561297753675,0.5239080700679215
1495794535,8270,1765,1786,24,0.07401533174729051,0.0025944925997995164,-5.030390085252448,0.9999997552585336
1495796611,8042,1773,1765,6,0.0017622698035069172,0.00017689722271360342,-0.053455592838153175,0.5213155440946422
1495796613,8042,1773,1765,6,0.0017622698035069172,0.00017689722271360342,-0.053455592838153175,0.5213155440946422
1495804510,1765,1773,8270,24,0.07101947308132875,0.0008844861135680168,-3.5391366645588205,0.9997992810166891
1495843298,1773,8270,1765,2,0.009398772285370224,0.0015920750044224304,-3.989099084489436,0.9999668376425858
1495890222,1831,1773,8270,6,0.07131318471524657,0.0006191402794976119,-3.0092196966801907,0.9986904017941725
1495890223,1831,1773,8270,12,0.07131318471524657,0.0006191402794976119,-3.0092196966801907,0.9986904017941725
1495891344,1848,1773,8270,6,0.07104884424472054,0.0009729347249248188,-1.6814563319312108,0.9536628441886884
1495891347,1848,1773,8270,12,0.07104884424472054,0.0009729347249248188,-1.6814563319312108,0.9536628441886884
1495894590,1773,8270,1765,16,0.009398772285370224,0.0015920750044224304,-3.989099084489436,0.9999668376425858
1495903970,1765,8270,1775,8,0.0053749229006960966,0.00041276018633174124,-2.2823722677113136,0.9887663144026494
1495914207,1765,1773,1768,8,0.0031133433195288857,0.00035379444542720683,-0.6420314939701071,0.7395736327818744
1495914207,1765,1773,8270,12,0.07101947308132875,0.0008844861135680168,-3.5391366645588205,0.9997992810166891
1495914208,1765,1773,1768,4,0.0031133433195288857,0.00035379444542720683,-0.6420314939701071,0.7395736327818744
1495914208,1765,1773,8270,6,0.07101947308132875,0.0008844861135680168,-3.5391366645588205,0.9997992810166891
1495914963,1765,1773,1768,12,0.0031133433195288857,0.00035379444542720683,-0.6420314939701071,0.7395736327818744
1495981357,8270,1773,1886,12,0.0012042176990630599,0.0005896574090453446,-0.6357156680942804,0.7375191188630512
1495995688,34713,34791,34712,2,2.937116339178195e-05,2.948287045226723e-05,7.712415963649478e-05,0.4999692319119111
1495995786,34757,34791,34712,2,2.937116339178195e-05,2.948287045226723e-05,6.518181165914488e-05,0.4999739962194344
1495995786,34757,34791,34713,2,0.0003818251240931654,2.948287045226723e-05,-0.05703158022672768,0.5227399806550058
1496002403,35089,34751,34713,2,0.0014391870061973154,5.896574090453446e-05,-0.08918225830202411,0.5355314674936836
1496002489,35089,34751,34713,2,0.0014391870061973154,5.896574090453446e-05,-0.08918225830202411,0.5355314674936836
1496030894,35641,34751,34713,4,0.0014685581695890973,5.896574090453446e-05,-0.15617206824050628,0.5620513035604184
1496037596,34713,34751,34712,2,0.00014685581695890974,8.844861135680171e-05,-0.014460189960017541,0.5057685801247636
1496037663,34713,34751,34712,2,0.00014685581695890974,8.844861135680171e-05,-0.014460189960017541,0.5057685801247636
1496037665,34713,34751,34712,2,0.00014685581695890974,8.844861135680171e-05,-0.014460189960017541,0.5057685801247636
1496061453,34712,34751,34713,6,0.0014685581695890973,8.844861135680171e-05,-0.03604019354795982,0.5143748450290786
1496061453,34712,34751,34749,6,0.0013217023526301878,8.844861135680171e-05,-0.0339447648104598,0.5135394017086261
1496061674,1768,1773,1886,8,0.001145475372279496,0.00041276018633174124,-0.2930331399595608,0.6152515895290337
1496061676,1768,1773,1886,8,0.001145475372279496,0.00041276018633174124,-0.2930331399595608,0.6152515895290337
1496061679,1768,1773,1886,8,0.001145475372279496,0.00041276018633174124,-0.2930331399595608,0.6152515895290337
1496065093,34749,34751,34713,2,0.0014391870061973154,8.844861135680171e-05,-0.07126156675317002,0.5284052086400799
1496066318,35089,34713,34749,2,0.0008811349017534586,5.896574090453446e-05,-0.06196071249300484,0.5247029406272667
1496066318,35089,34713,34751,2,0.0002643404705260375,5.896574090453446e-05,-0.028249293180045564,0.5112683386896222
1496066400,34712,35089,34713,4,5.8742326783563894e-05,0.00020638009316587062,0.0794253450910358,0.4683471549254688
1496066428,34712,35089,34713,4,5.8742326783563894e-05,0.00020638009316587062,0.0794253450910358,0.4683471549254688
1496066508,35089,34713,34749,2,0.0008811349017534586,5.896574090453446e-05,-0.06196071249300484,0.5247029406272667
1496066508,35089,34713,34751,2,0.0002643404705260375,5.896574090453446e-05,-0.028249293180045564,0.5112683386896222
1496066695,34712,35089,34713,2,5.8742326783563894e-05,0.00020638009316587062,0.0794253450910358,0.4683471549254688
1496066836,34751,34713,35089,2,5.8742326783563894e-05,0.00014741435226133616,0.08181045625102913,0.4673987205317272
1496067131,34712,35089,34713,2,5.8742326783563894e-05,0.00020638009316587062,0.0794253450910358,0.4683471549254688
1496067155,34713,35089,34712,2,0.0006461655946192027,2.948287045226723e-05,-0.04203304502072317,0.516763822365216
1496068741,34751,34713,34749,12,0.0008811349017534586,0.00017689722271360342,-0.16783188720565914,0.5666422320324157
1496068741,34751,34713,35089,2,5.8742326783563894e-05,0.00014741435226133616,0.08181045625102913,0.4673987205317272
1496068741,34751,34713,35104,2,5.8742326783563894e-05,0.00020638009316587062,0.13621334307568148,0.4458263136166401
1496069683,34751,34713,35089,2,5.8742326783563894e-05,0.00014741435226133616,0.08181045625102913,0.4673987205317272
1496069683,34751,34713,35104,4,5.8742326783563894e-05,0.00020638009316587062,0.13621334307568148,0.4458263136166401
1496069698,34751,34713,35089,2,5.8742326783563894e-05,0.00014741435226133616,0.08181045625102913,0.4673987205317272
1496069698,34751,34713,35104,4,5.8742326783563894e-05,0.00020638009316587062,0.13621334307568148,0.4458263136166401
1496069758,34751,34713,35089,2,5.8742326783563894e-05,0.00014741435226133616,0.08181045625102913,0.4673987205317272
1496069758,34751,34713,35104,4,5.8742326783563894e-05,0.00020638009316587062,0.13621334307568148,0.4458263136166401
1496077192,34708,34712,35089,2,0.0004993097776602931,2.948287045226723e-05,-0.05948483953694706,0.5237170298046755
1496080664,35089,34712,34708,2,0.0009398772285370224,2.948287045226723e-05,-0.13935081786411965,0.5554135326363983
1496083294,34712,35089,34751,2,0.00014685581695890974,8.844861135680171e-05,-0.019873630190549444,0.5079279094752279
1496084827,34712,35089,34713,2,5.8742326783563894e-05,0.00020638009316587062,0.0794253450910358,0.4683471549254688
1496084827,34712,35089,34751,2,0.00014685581695890974,8.844861135680171e-05,-0.019873630190549444,0.5079279094752279
1496093782,34712,35089,34751,2,0.00014685581695890974,8.844861135680171e-05,-0.019873630190549444,0.5079279094752279
1496095309,34751,34749,34713,4,0.0006167944312274209,0.0005896574090453446,-0.007332164518494202,0.5029250842241981
1496095355,35089,34751,34749,2,0.0013217023526301878,2.948287045226723e-05,-0.08712288974462702,0.5347130844115316
1496095758,34751,34749,34713,4,0.0006167944312274209,0.0005896574090453446,-0.007332164518494202,0.5029250842241981
1496134373,34713,34749,35104,2,0.0,2.948287045226723e-05,inf,0.0
1496134629,34757,34749,34713,2,0.0007930214115781126,5.896574090453446e-05,-0.06387551831214268,0.5254653269912644
1496135449,34757,34749,34713,2,0.0007930214115781126,5.896574090453446e-05,-0.06387551831214268,0.5254653269912644
1496141507,34751,34749,34713,2,0.0006167944312274209,0.0005896574090453446,-0.007332164518494202,0.5029250842241981
1496151692,1831,1773,1788,4,0.000587423267835639,0.0021227666725632407,0.6941417608392004,0.2437966557618163
1496151694,1831,1773,1788,8,0.000587423267835639,0.0021227666725632407,0.6941417608392004,0.2437966557618163
1496174794,34746,34751,34749,4,0.0013217023526301878,0.00011793148180906893,-0.0468575082264566,0.5186866028036341
1496174806,34746,34751,34749,4,0.0013217023526301878,0.00011793148180906893,-0.0468575082264566,0.5186866028036341
1496235871,34713,34749,34751,4,0.0001174846535671278,5.896574090453446e-05,-0.0295727572221621,0.5117961038024732
1496235871,34713,34749,34791,6,0.0002937116339178195,8.844861135680171e-05,-0.0656106832661326,0.5261561082869031
1496235926,34749,34751,34713,2,0.0014391870061973154,8.844861135680171e-05,-0.07126156675317002,0.5284052086400799
1496235974,34749,34751,34713,2,0.0014391870061973154,8.844861135680171e-05,-0.07126156675317002,0.5284052086400799
1496250554,34751,34749,34713,4,0.0006167944312274209,0.0005896574090453446,-0.007332164518494202,0.5029250842241981
1496250574,34751,34749,34713,4,0.0006167944312274209,0.0005896574090453446,-0.007332164518494202,0.5029250842241981
1496251993,34751,34749,34713,4,0.0006167944312274209,0.0005896574090453446,-0.007332164518494202,0.5029250842241981
1496266894,34751,34749,34713,2,0.0006167944312274209,0.0005896574090453446,-0.007332164518494202,0.5029250842241981
1496267333,1765,8270,1773,6,0.036420242605809616,0.0033610472315584645,-5.9348306431284215,0.9999999985292553
1496267333,1765,8270,1775,4,0.0053749229006960966,0.00041276018633174124,-2.2823722677113136,0.9887663144026494
1496274237,34751,34749,34713,4,0.0006167944312274209,0.0005896574090453446,-0.007332164518494202,0.5029250842241981
1496275383,34751,34749,34713,4,0.0006167944312274209,0.0005896574090453446,-0.007332164518494202,0.5029250842241981
1496275445,34751,34749,34713,4,0.0006167944312274209,0.0005896574090453446,-0.007332164518494202,0.5029250842241981
1496275467,34751,34749,34713,4,0.0006167944312274209,0.0005896574090453446,-0.007332164518494202,0.5029250842241981
1496356970,1886,1773,1831,8,0.0030839721561371045,0.0013562120408042928,-0.19459480162576145,0.5771449135171027
1496364447,1886,1773,1831,24,0.0030839721561371045,0.0013562120408042928,-0.19459480162576145,0.5771449135171027
1496364770,1886,1773,1831,12,0.0030839721561371045,0.0013562120408042928,-0.19459480162576145,0.5771449135171027
1496364771,1886,1773,1831,12,0.0030839721561371045,0.0013562120408042928,-0.19459480162576145,0.5771449135171027
1496364977,1886,1773,1831,24,0.0030839721561371045,0.0013562120408042928,-0.19459480162576145,0.5771449135171027
1496365179,1886,1773,1831,12,0.0030839721561371045,0.0013562120408042928,-0.19459480162576145,0.5771449135171027
1496599299,35662,34719,34713,2,0.0003818251240931654,0.00014741435226133616,-0.03599560661439112,0.5143570689502235
1496602062,1773,1765,8270,8,0.032983816488971134,0.00035379444542720683,-1.4152255757041077,0.9214988159865826
1496615091,35662,34719,34713,8,0.0003818251240931654,0.00014741435226133616,-0.03599560661439112,0.5143570689502235
1496618435,35662,34719,35641,2,5.8742326783563894e-05,2.948287045226723e-05,-0.011453143195562315,0.5045690431736661
1496666103,34713,34719,35662,4,0.0003230827973096013,0.00035379444542720683,0.007831158629006877,0.4968758516508559
1496666522,34713,34719,35662,4,0.0003230827973096013,0.00035379444542720683,0.007831158629006877,0.4968758516508559
1496666773,34713,34719,35662,4,0.0003230827973096013,0.00035379444542720683,0.007831158629006877,0.4968758516508559
1496670599,34713,34719,35662,4,0.0003230827973096013,0.00035379444542720683,0.007831158629006877,0.4968758516508559
1496671763,34713,34719,35662,6,0.0003230827973096013,0.00035379444542720683,0.007831158629006877,0.4968758516508559
1496672156,34713,34719,35641,2,5.8742326783563894e-05,2.948287045226723e-05,-0.017494965212944243,0.5069791252945374
1496672156,34713,34719,35662,2,0.0003230827973096013,0.00035379444542720683,0.007831158629006877,0.4968758516508559
1496762243,2053,8042,7955,4,0.0042588186918083824,0.00011793148180906893,-0.3115166127928814,0.6222960422186474
1496762258,7955,8042,2053,4,0.001086733045495932,0.00020638009316587062,-0.293916645877424,0.6155892009765365
1496763203,7955,8042,2053,2,0.001086733045495932,0.00020638009316587062,-0.293916645877424,0.6155892009765365
1496763824,2053,8042,7955,2,0.0042588186918083824,0.00011793148180906893,-0.3115166127928814,0.6222960422186474
1496763919,2053,8042,7955,2,0.0042588186918083824,0.00011793148180906893,-0.3115166127928814,0.6222960422186474
1496782170,1767,8270,1773,12,0.03768320263165624,0.0004717259272362757,-1.747788841635492,0.9597497009000644
1496782171,1767,8270,1773,6,0.03768320263165624,0.0004717259272362757,-1.747788841635492,0.9597497009000644
1496782304,1767,8270,1773,6,0.03768320263165624,0.0004717259272362757,-1.747788841635492,0.9597497009000644
1496782448,1767,8270,1773,6,0.03768320263165624,0.0004717259272362757,-1.747788841635492,0.9597497009000644
1496870891,1831,1773,8270,8,0.07131318471524657,0.0006191402794976119,-3.0092196966801907,0.9986904017941725
1496870892,1831,1773,8270,16,0.07131318471524657,0.0006191402794976119,-3.0092196966801907,0.9986904017941725
1496913403,1775,8270,1767,12,0.0015273004963726616,0.00020638009316587062,-0.4674799492448461,0.6799217328854428
1496913768,1775,8270,1767,2,0.0015273004963726616,0.00020638009316587062,-0.4674799492448461,0.6799217328854428
1497037922,1773,8270,1765,16,0.009398772285370224,0.0015920750044224304,-3.989099084489436,0.9999668376425858
1497038500,1775,8270,1765,8,0.009751226246071608,0.0006486231499498791,-1.2802079415890937,0.8997639931735221
1497063035,1886,1773,8270,4,0.07134255587863836,0.00011793148180906893,-1.7280661650685698,0.9580118186458586
1497063213,1886,1773,8270,4,0.07134255587863836,0.00011793148180906893,-1.7280661650685698,0.9580118186458586
1497104531,1775,8270,1773,24,0.037272006344171285,0.0013267291703520257,-2.622499020529659,0.995635624064548
1497104626,1775,8270,1773,24,0.037272006344171285,0.0013267291703520257,-2.622499020529659,0.995635624064548
1497360147,1775,8270,1773,6,0.037272006344171285,0.0013267291703520257,-2.622499020529659,0.995635624064548
1497706001,1765,8270,1773,18,0.036420242605809616,0.0033610472315584645,-5.9348306431284215,0.9999999985292553
1497706003,1765,8270,1773,6,0.036420242605809616,0.0033610472315584645,-5.9348306431284215,0.9999999985292553
1497720803,1768,1773,8270,10,0.07125444238846301,0.0007075888908544138,-3.709785894003984,0.999896282701472
1497720804,1768,1773,8270,20,0.07125444238846301,0.0007075888908544138,-3.709785894003984,0.999896282701472
1497805241,1765,8270,1775,8,0.0053749229006960966,0.00041276018633174124,-2.2823722677113136,0.9887663144026494
1497805735,8270,1765,1786,16,0.07401533174729051,0.0025944925997995164,-5.030390085252448,0.9999997552585336
1498411404,1775,1773,1848,8,0.0008517637383616768,0.00011793148180906893,-0.12323324429063726,0.5490387994713033
1498411479,1773,1848,1765,4,0.0019972391106411725,5.896574090453446e-05,-0.24172132908861504,0.5955019493224829
1498488121,7955,8042,2053,4,0.001086733045495932,0.00020638009316587062,-0.293916645877424,0.6155892009765365
1498497022,1765,1773,8270,6,0.07101947308132875,0.0008844861135680168,-3.5391366645588205,0.9997992810166891
1498498246,1765,1773,8270,12,0.07101947308132875,0.0008844861135680168,-3.5391366645588205,0.9997992810166891
1498502613,8270,1765,1773,12,0.004846241959644022,0.00017689722271360342,-1.239788938120614,0.8924732646073466
1498585392,1773,1765,8270,8,0.032983816488971134,0.00035379444542720683,-1.4152255757041077,0.9214988159865826
1498601531,1775,1773,1765,10,0.0017622698035069172,0.00044224305678400847,-0.15418252784686146,0.5612670908938058
1498601850,1775,1773,1765,20,0.0017622698035069172,0.00044224305678400847,-0.15418252784686146,0.5612670908938058
1498639078,1765,1773,1786,6,0.0,8.844861135680171e-05,inf,0.0
1498822871,7955,8042,2053,2,0.001086733045495932,0.00020638009316587062,-0.293916645877424,0.6155892009765365
1498823371,7955,8042,2053,2,0.001086733045495932,0.00020638009316587062,-0.293916645877424,0.6155892009765365
1499457736,1927,1773,8270,8,0.07140129820542193,0.00011793148180906893,-1.6839220165711388,0.9539016296015456
1499519866,2009,7954,2053,4,0.0003524539607013834,5.896574090453446e-05,-0.015635653020771516,0.5062374689211758
1499519866,2009,7954,35151,8,0.0003230827973096013,0.00011793148180906893,-0.01141530597601692,0.504553949293748
1499880321,1768,1773,8270,6,0.07125444238846301,0.0007075888908544138,-3.709785894003984,0.999896282701472
1499880322,1768,1773,8270,6,0.07125444238846301,0.0007075888908544138,-3.709785894003984,0.999896282701472
1499880323,1768,1773,8270,6,0.07125444238846301,0.0007075888908544138,-3.709785894003984,0.999896282701472
1500321802,8270,1765,1786,4,0.07401533174729051,0.0025944925997995164,-5.030390085252448,0.9999997552585336
1500321812,8270,1765,1786,4,0.07401533174729051,0.0025944925997995164,-5.030390085252448,0.9999997552585336
1500537749,1775,8270,1773,4,0.037272006344171285,0.0013267291703520257,-2.622499020529659,0.995635624064548
1500537881,1775,8270,1773,4,0.037272006344171285,0.0013267291703520257,-2.622499020529659,0.995635624064548
1500565004,1857,69,68,6,0.2409610244661791,8.844861135680171e-05,-0.7965204232856237,0.7871351951999932
1501526149,1773,8270,1765,8,0.009398772285370224,0.0015920750044224304,-3.989099084489436,0.9999668376425858
1501526442,1773,8270,1765,8,0.009398772285370224,0.0015920750044224304,-3.989099084489436,0.9999668376425858
1501803911,1765,8270,1773,10,0.036420242605809616,0.0033610472315584645,-5.9348306431284215,0.9999999985292553
1501922535,8270,1765,1786,8,0.07401533174729051,0.0025944925997995164,-5.030390085252448,0.9999997552585336
1502050114,1775,8270,1765,8,0.009751226246071608,0.0006486231499498791,-1.2802079415890937,0.8997639931735221
1502050180,1775,8270,1765,8,0.009751226246071608,0.0006486231499498791,-1.2802079415890937,0.8997639931735221
1502051472,1775,8270,1765,8,0.009751226246071608,0.0006486231499498791,-1.2802079415890937,0.8997639931735221
1502127879,1848,1765,8270,4,0.03289570299879578,0.00044224305678400847,-1.5004074735424802,0.9332455575981771
1502462671,8270,1765,1786,8,0.07401533174729051,0.0025944925997995164,-5.030390085252448,0.9999997552585336
1503750755,1871,8270,1773,8,0.03780068728522337,0.00011793148180906893,-0.9679789376644248,0.8334725555967226
1503925021,8270,1786,1765,4,0.013363879343260786,0.00011793148180906893,-1.0759643675580637,0.859028403674968
1503957256,1765,8270,1773,4,0.036420242605809616,0.0033610472315584645,-5.9348306431284215,0.9999999985292553
1503957257,1765,8270,1773,4,0.036420242605809616,0.0033610472315584645,-5.9348306431284215,0.9999999985292553
1503957258,1765,8270,1773,4,0.036420242605809616,0.0033610472315584645,-5.9348306431284215,0.9999999985292553
1504276380,7980,2073,7987,2,2.937116339178195e-05,2.948287045226723e-05,5.048961420629931e-05,0.4999798575581805
1506002854,68,2073,8000,20,0.0001762269803506917,0.0002948287045226723,0.012635955017790641,0.4949591174345776
1506017403,7974,2073,8001,2,2.937116339178195e-05,2.948287045226723e-05,4.1224597371803334e-05,0.4999835537651205
1506019194,2073,7974,7955,12,0.0005580521044438573,0.00017689722271360342,-0.02282445007031963,0.5091048476163267
1506171751,1848,8270,1775,4,0.005668634534613914,8.844861135680171e-05,-0.4985975353546177,0.6909685291018904
1506171752,1848,8270,1775,2,0.005668634534613914,8.844861135680171e-05,-0.4985975353546177,0.6909685291018904
1506171775,1773,8270,1775,2,0.005668634534613914,0.00014741435226133616,-3.6259578185333403,0.9998560538249824
1506171776,1773,8270,1775,2,0.005668634534613914,0.00014741435226133616,-3.6259578185333403,0.9998560538249824
1506171912,1773,8270,1775,6,0.005668634534613914,0.00014741435226133616,-3.6259578185333403,0.9998560538249824
1506430973,8152,7974,7996,2,2.937116339178195e-05,0.00011793148180906893,0.032682477311739865,0.4869638987529803
1506430974,8152,7974,7996,2,2.937116339178195e-05,0.00011793148180906893,0.032682477311739865,0.4869638987529803
1506431031,8152,7974,7996,2,2.937116339178195e-05,0.00011793148180906893,0.032682477311739865,0.4869638987529803
1506431032,8152,7974,7996,2,2.937116339178195e-05,0.00011793148180906893,0.032682477311739865,0.4869638987529803
1506773443,1786,8270,1767,2,0.0015860428231562252,8.844861135680171e-05,-0.6286131736826878,0.73519883316156
1506773443,1786,8270,1773,2,0.03753634681469733,0.0010319004658293528,-3.2079655610711497,0.9993316124753928
1506773604,1767,8270,1773,2,0.03768320263165624,0.0004717259272362757,-1.747788841635492,0.9597497009000644
1506774114,1786,8270,1767,2,0.0015860428231562252,8.844861135680171e-05,-0.6286131736826878,0.73519883316156
1506774114,1786,8270,1773,2,0.03753634681469733,0.0010319004658293528,-3.2079655610711497,0.9993316124753928
1506774115,1786,8270,1767,2,0.0015860428231562252,8.844861135680171e-05,-0.6286131736826878,0.73519883316156
1506774115,1786,8270,1773,2,0.03753634681469733,0.0010319004658293528,-3.2079655610711497,0.9993316124753928
1506774616,1773,8270,1767,6,0.0015860428231562252,8.844861135680171e-05,-1.8555551037307465,0.968241500969216
1506883764,8080,7806,8125,2,2.937116339178195e-05,2.948287045226723e-05,3.570154858476688e-05,0.4999857571427968
1506940203,8003,8080,2053,6,0.00020559814374247363,0.00017689722271360342,-0.002831039224102083,0.5011294197352933
1506940203,8003,8080,7955,4,0.001174846535671278,5.896574090453446e-05,-0.0460678023933172,0.5183718956407826
1506940686,8003,8080,2053,6,0.00020559814374247363,0.00017689722271360342,-0.002831039224102083,0.5011294197352933
1506943221,8270,1765,1786,8,0.07401533174729051,0.0025944925997995164,-5.030390085252448,0.9999997552585336
1506943222,8270,1765,1786,8,0.07401533174729051,0.0025944925997995164,-5.030390085252448,0.9999997552585336
1506943223,8270,1765,1786,8,0.07401533174729051,0.0025944925997995164,-5.030390085252448,0.9999997552585336
1507047624,7955,7806,2012,2,8.811349017534584e-05,8.844861135680171e-05,0.0003640964802068102,0.4998547465231095
1507047625,7955,7806,2012,4,8.811349017534584e-05,8.844861135680171e-05,0.0003640964802068102,0.4998547465231095
1507390073,1773,8270,1886,6,0.002525920051693248,0.0012972462998997582,-1.2068921156577843,0.8862631527753367
1507390218,1773,8270,1886,6,0.002525920051693248,0.0012972462998997582,-1.2068921156577843,0.8862631527753367
1507426004,1773,8270,1886,12,0.002525920051693248,0.0012972462998997582,-1.2068921156577843,0.8862631527753367
1507492874,1786,1765,8270,8,0.032043939260434105,0.0012677634294474911,-3.7356999182899058,0.9999064031039502
1507670572,1765,8270,1773,12,0.036420242605809616,0.0033610472315584645,-5.9348306431284215,0.9999999985292553
1508532548,1786,1765,8270,6,0.032043939260434105,0.0012677634294474911,-3.7356999182899058,0.9999064031039502
1508549352,1773,8270,1765,6,0.009398772285370224,0.0015920750044224304,-3.989099084489436,0.9999668376425858
1509147548,1765,8270,1767,4,0.0015860428231562252,5.896574090453446e-05,-1.2905638194623932,0.9015725156837726
1509539528,1786,8270,1765,8,0.009868710899638734,0.0002948287045226723,-1.6177580708136654,0.9471426271255414
1511035726,1775,8270,1765,4,0.009751226246071608,0.0006486231499498791,-1.2802079415890937,0.8997639931735221
1511091066,1786,1765,8270,4,0.032043939260434105,0.0012677634294474911,-3.7356999182899058,0.9999064031039502
1511164483,1765,1786,8270,4,0.007724615972038653,0.0012972462998997582,-3.7123087200663294,0.9998973113684848
1511165832,1765,1786,8270,4,0.007724615972038653,0.0012972462998997582,-3.7123087200663294,0.9998973113684848
1511166308,1765,1786,8270,8,0.007724615972038653,0.0012972462998997582,-3.7123087200663294,0.9998973113684848
1511166591,1765,1786,8270,8,0.007724615972038653,0.0012972462998997582,-3.7123087200663294,0.9998973113684848
1511207887,1765,1848,8270,6,0.0012335888624548418,8.844861135680171e-05,-0.5526910660139391,0.70976251401436
1511965164,44678,7806,11,6,0.0009986195553205862,8.844861135680171e-05,-0.028816411002475138,0.5114944938860427
1511973273,1909,1765,1786,8,0.07483772432226041,0.00035379444542720683,-2.401925796445087,0.9918454918437436
1512137672,1848,1765,1786,4,0.07472023966869328,0.000383277315879474,-2.3313292224391042,0.9901319967689269
1512431415,7806,8080,2054,4,5.8742326783563894e-05,5.896574090453446e-05,7.140414581945294e-05,0.4999715138672609
1512468310,8270,1765,1848,4,0.00831203923987429,0.00023586296361813785,-1.6402269194865209,0.9495210029349748
1514401852,1773,8270,1765,8,0.009398772285370224,0.0015920750044224304,-3.989099084489436,0.9999668376425858
1514649989,1765,8270,1773,4,0.036420242605809616,0.0033610472315584645,-5.9348306431284215,0.9999999985292553
1514650249,1765,8270,1773,4,0.036420242605809616,0.0033610472315584645,-5.9348306431284215,0.9999999985292553
1514650251,1765,8270,1773,8,0.036420242605809616,0.0033610472315584645,-5.9348306431284215,0.9999999985292553
1514750584,1765,8270,1886,8,0.0028490028490028487,0.0002653458340704051,-1.6301938730237624,0.9484697357719571
1515018266,1765,8270,1773,8,0.036420242605809616,0.0033610472315584645,-5.9348306431284215,0.9999999985292553
1515454528,1773,8270,1886,24,0.002525920051693248,0.0012972462998997582,-1.2068921156577843,0.8862631527753367
1515503937,69,68,9389,4,0.0002643404705260375,0.00023586296361813785,-0.158668373840389,0.563034921755307
1515503939,69,68,9389,4,0.0002643404705260375,0.00023586296361813785,-0.158668373840389,0.563034921755307
1517316032,1773,8270,1848,12,0.001086733045495932,0.00017689722271360342,-1.36153930900299,0.9133283400407184
1517399105,8270,1765,1909,12,0.0021440949276000823,0.00017689722271360342,-0.7842085031117823,0.7835411117159533
1517476517,8270,1765,1848,8,0.00831203923987429,0.00023586296361813785,-1.6402269194865209,0.9495210029349748
1517517139,8270,1765,1786,8,0.07401533174729051,0.0025944925997995164,-5.030390085252448,0.9999997552585336
1517517390,1767,8270,1765,8,0.0099274532264223,0.00017689722271360342,-0.8796743740183377,0.8104821322399832
1517517391,1767,8270,1765,4,0.0099274532264223,0.00017689722271360342,-0.8796743740183377,0.8104821322399832
1518523671,1786,8270,1765,4,0.009868710899638734,0.0002948287045226723,-1.6177580708136654,0.9471426271255414
1518523766,1786,8270,1765,8,0.009868710899638734,0.0002948287045226723,-1.6177580708136654,0.9471426271255414
1518604509,1765,1786,8270,8,0.007724615972038653,0.0012972462998997582,-3.7123087200663294,0.9998973113684848
1518694651,1765,8270,1773,4,0.036420242605809616,0.0033610472315584645,-5.9348306431284215,0.9999999985292553
1518694653,1765,8270,1773,4,0.036420242605809616,0.0033610472315584645,-5.9348306431284215,0.9999999985292553
1518694785,1765,8270,1773,12,0.036420242605809616,0.0033610472315584645,-5.9348306431284215,0.9999999985292553
1519587795,8270,1765,1786,8,0.07401533174729051,0.0025944925997995164,-5.030390085252448,0.9999997552585336
1519820225,1786,1765,1848,2,0.0077833582988222185,0.001503626393065629,-1.5276098085287342,0.9366952774946188
1519820225,1786,1765,1909,2,0.0020266102740329546,0.0007960375022112152,-0.5849527686307638,0.7207102622436748
1519820225,1786,1765,8270,10,0.032043939260434105,0.0012677634294474911,-3.7356999182899058,0.9999064031039502
1519820565,1848,1765,1786,6,0.07472023966869328,0.000383277315879474,-2.3313292224391042,0.9901319967689269
1519820565,1848,1765,1909,2,0.002202837254383646,2.948287045226723e-05,-0.3822721553213107,0.6488702469968246
1519820565,1848,1765,8270,10,0.03289570299879578,0.00044224305678400847,-1.5004074735424802,0.9332455575981771
1519847044,1773,8270,1765,4,0.009398772285370224,0.0015920750044224304,-3.989099084489436,0.9999668376425858
1519847045,1773,8270,1765,4,0.009398772285370224,0.0015920750044224304,-3.989099084489436,0.9999668376425858
1519847049,1773,8270,1765,4,0.009398772285370224,0.0015920750044224304,-3.989099084489436,0.9999668376425858
1519894658,1765,1786,8270,8,0.007724615972038653,0.0012972462998997582,-3.7123087200663294,0.9998973113684848
1519897589,1786,1765,1775,2,0.0069903368872441035,0.0009729347249248188,-1.5439788513163195,0.9387032719475232
1519898798,1786,1765,1775,2,0.0069903368872441035,0.0009729347249248188,-1.5439788513163195,0.9387032719475232
1519898798,1786,1765,8270,10,0.032043939260434105,0.0012677634294474911,-3.7356999182899058,0.9999064031039502
1519907056,8270,1786,1765,2,0.013363879343260786,0.00011793148180906893,-1.0759643675580637,0.859028403674968
1519907057,8270,1786,1765,2,0.013363879343260786,0.00011793148180906893,-1.0759643675580637,0.859028403674968
1519907337,1786,1765,8270,6,0.032043939260434105,0.0012677634294474911,-3.7356999182899058,0.9999064031039502
1519907537,1765,8270,1786,12,0.0024965488883014657,0.00017689722271360342,-1.5632442313741448,0.9410024199576508
1519929995,1765,8270,1773,4,0.036420242605809616,0.0033610472315584645,-5.9348306431284215,0.9999999985292553
1519929996,1765,8270,1773,4,0.036420242605809616,0.0033610472315584645,-5.9348306431284215,0.9999999985292553
1519993387,1825,8270,1773,12,0.037741944958439806,0.00017689722271360342,-1.5769430737079315,0.9425956878931416
1520004896,1786,8270,1775,4,0.0055805210444385715,0.0002948287045226723,-1.1851731282068192,0.8820254988909533
1520102475,1773,8270,1765,8,0.009398772285370224,0.0015920750044224304,-3.989099084489436,0.9999668376425858
1520245587,1775,1765,1786,2,0.07442652803477545,0.0009434518544725514,-2.2397935329687613,0.9874478350393964
1520633791,1765,8270,1773,12,0.036420242605809616,0.0033610472315584645,-5.9348306431284215,0.9999999985292553
1520633803,1765,8270,1773,4,0.036420242605809616,0.0033610472315584645,-5.9348306431284215,0.9999999985292553
1520633804,1765,8270,1773,8,0.036420242605809616,0.0033610472315584645,-5.9348306431284215,0.9999999985292553
1520881066,1765,1786,8270,4,0.007724615972038653,0.0012972462998997582,-3.7123087200663294,0.9998973113684848
1521137641,1765,1786,8270,4,0.007724615972038653,0.0012972462998997582,-3.7123087200663294,0.9998973113684848
1521289306,1765,1786,8270,16,0.007724615972038653,0.0012972462998997582,-3.7123087200663294,0.9998973113684848
1521290207,1786,8270,1775,8,0.0055805210444385715,0.0002948287045226723,-1.1851731282068192,0.8820254988909533
1521290229,1786,8270,1775,8,0.0055805210444385715,0.0002948287045226723,-1.1851731282068192,0.8820254988909533
1521290563,1825,8270,1775,8,0.005639263371222134,0.00017689722271360342,-0.5835628307908232,0.7202427632803811
1521290568,1825,8270,1775,4,0.005639263371222134,0.00017689722271360342,-0.5835628307908232,0.7202427632803811
1521912900,8270,1765,1786,4,0.07401533174729051,0.0025944925997995164,-5.030390085252448,0.9999997552585336
1521912901,8270,1765,1786,4,0.07401533174729051,0.0025944925997995164,-5.030390085252448,0.9999997552585336
1522262210,1786,1765,1775,4,0.0069903368872441035,0.0009729347249248188,-1.5439788513163195,0.9387032719475232
1522449062,1775,8270,1765,4,0.009751226246071608,0.0006486231499498791,-1.2802079415890937,0.8997639931735221
1522449069,1775,8270,1765,4,0.009751226246071608,0.0006486231499498791,-1.2802079415890937,0.8997639931735221
1522682156,1786,8270,1886,16,0.0028490028490028487,0.00023586296361813785,-0.8189131683153691,0.7935820218473284
1522782142,1775,1765,1786,4,0.07442652803477545,0.0009434518544725514,-2.2397935329687613,0.9874478350393964
1522876022,1786,1765,8270,2,0.032043939260434105,0.0012677634294474911,-3.7356999182899058,0.9999064031039502
1523705881,69,68,9389,8,0.0002643404705260375,0.00023586296361813785,-0.158668373840389,0.563034921755307
1524067783,1770,8270,1773,6,0.03780068728522337,8.844861135680171e-05,-0.4843681406810623,0.6859376876810189
1524214515,1765,1786,8270,8,0.007724615972038653,0.0012972462998997582,-3.7123087200663294,0.9998973113684848
1524214918,1765,1786,8270,8,0.007724615972038653,0.0012972462998997582,-3.7123087200663294,0.9998973113684848
1524215250,1765,1786,8270,8,0.007724615972038653,0.0012972462998997582,-3.7123087200663294,0.9998973113684848
1524477067,7996,7656,11,14,0.021499691602784383,0.00041276018633174124,-1.0483793517340425,0.8527680685273907
1524477070,7996,7656,11,14,0.021499691602784383,0.00041276018633174124,-1.0483793517340425,0.8527680685273907
1524528055,1765,8270,1773,8,0.036420242605809616,0.0033610472315584645,-5.9348306431284215,0.9999999985292553
1524567094,1786,1765,8270,12,0.032043939260434105,0.0012677634294474911,-3.7356999182899058,0.9999064031039502
1524828273,1786,8270,1773,4,0.03753634681469733,0.0010319004658293528,-3.2079655610711497,0.9993316124753928
1524828274,1786,8270,1773,4,0.03753634681469733,0.0010319004658293528,-3.2079655610711497,0.9993316124753928
1524828335,1786,8270,1773,4,0.03753634681469733,0.0010319004658293528,-3.2079655610711497,0.9993316124753928
1524828336,1786,8270,1773,4,0.03753634681469733,0.0010319004658293528,-3.2079655610711497,0.9993316124753928
1525004558,8270,1765,1786,8,0.07401533174729051,0.0025944925997995164,-5.030390085252448,0.9999997552585336
1525368529,4839,7656,7996,6,0.0015273004963726616,0.0006191402794976119,-0.09866619537135674,0.5392983449776657
1525368532,4839,7656,7996,6,0.0015273004963726616,0.0006191402794976119,-0.09866619537135674,0.5392983449776657
1525368903,4839,7656,7996,6,0.0015273004963726616,0.0006191402794976119,-0.09866619537135674,0.5392983449776657
1525368906,4839,7656,7996,6,0.0015273004963726616,0.0006191402794976119,-0.09866619537135674,0.5392983449776657
1525368988,4839,7656,7996,6,0.0015273004963726616,0.0006191402794976119,-0.09866619537135674,0.5392983449776657
1525368990,4839,7656,7996,6,0.0015273004963726616,0.0006191402794976119,-0.09866619537135674,0.5392983449776657
1525482585,1886,8270,1773,4,0.037741944958439806,0.00023586296361813785,-2.128809077886376,0.9833649702175591
1525482586,1886,8270,1773,4,0.037741944958439806,0.00023586296361813785,-2.128809077886376,0.9833649702175591
1525482738,1886,8270,1773,8,0.037741944958439806,0.00023586296361813785,-2.128809077886376,0.9833649702175591
1525525166,4839,7656,7996,6,0.0015273004963726616,0.0006191402794976119,-0.09866619537135674,0.5392983449776657
1525525852,7996,7656,4839,8,0.002320321907950773,0.00011793148180906893,-0.3300853874635754,0.6293322779276236
1525691568,1775,1765,1786,4,0.07442652803477545,0.0009434518544725514,-2.2397935329687613,0.9874478350393964
1525693489,1786,1765,8270,4,0.032043939260434105,0.0012677634294474911,-3.7356999182899058,0.9999064031039502
1525795035,1765,8270,1773,16,0.036420242605809616,0.0033610472315584645,-5.9348306431284215,0.9999999985292553
1525872878,1775,8270,1773,4,0.037272006344171285,0.0013267291703520257,-2.622499020529659,0.995635624064548
1525872879,1775,8270,1773,4,0.037272006344171285,0.0013267291703520257,-2.622499020529659,0.995635624064548
1525899452,8270,1765,1786,8,0.07401533174729051,0.0025944925997995164,-5.030390085252448,0.9999997552585336
1525899508,8270,1765,1786,4,0.07401533174729051,0.0025944925997995164,-5.030390085252448,0.9999997552585336
1525899509,8270,1765,1786,4,0.07401533174729051,0.0025944925997995164,-5.030390085252448,0.9999997552585336
1526832645,1786,1765,1775,2,0.0069903368872441035,0.0009729347249248188,-1.5439788513163195,0.9387032719475232
1527447968,1765,8270,1886,8,0.0028490028490028487,0.0002653458340704051,-1.6301938730237624,0.9484697357719571
1527762667,1773,8270,1765,8,0.009398772285370224,0.0015920750044224304,-3.989099084489436,0.9999668376425858
1527764156,8270,1765,1775,4,0.007430904338120833,0.00011793148180906893,-1.5701177028943516,0.9418061345946545
1527764156,8270,1765,1786,16,0.07401533174729051,0.0025944925997995164,-5.030390085252448,0.9999997552585336
1527778766,1786,1765,1775,2,0.0069903368872441035,0.0009729347249248188,-1.5439788513163195,0.9387032719475232
1528564410,1765,8270,1773,2,0.036420242605809616,0.0033610472315584645,-5.9348306431284215,0.9999999985292553
1528564411,1765,8270,1773,2,0.036420242605809616,0.0033610472315584645,-5.9348306431284215,0.9999999985292553
1529180710,1773,1765,8270,8,0.032983816488971134,0.00035379444542720683,-1.4152255757041077,0.9214988159865826
1529702373,1773,8270,1786,6,0.0024084353981261197,0.0002948287045226723,-2.1260465545567206,0.983250308314784
1529702374,1773,8270,1786,6,0.0024084353981261197,0.0002948287045226723,-2.1260465545567206,0.983250308314784
1530615178,1786,1765,8270,4,0.032043939260434105,0.0012677634294474911,-3.7356999182899058,0.9999064031039502
1531606891,1773,8270,1886,8,0.002525920051693248,0.0012972462998997582,-1.2068921156577843,0.8862631527753367
1531607017,1773,8270,1886,8,0.002525920051693248,0.0012972462998997582,-1.2068921156577843,0.8862631527753367
1531775500,1765,8270,1773,12,0.036420242605809616,0.0033610472315584645,-5.9348306431284215,0.9999999985292553
1531775501,1765,8270,1773,12,0.036420242605809616,0.0033610472315584645,-5.9348306431284215,0.9999999985292553
1531987152,8270,1765,1775,4,0.007430904338120833,0.00011793148180906893,-1.5701177028943516,0.9418061345946545
1532285626,1786,1765,1848,10,0.0077833582988222185,0.001503626393065629,-1.5276098085287342,0.9366952774946188
1532592646,1765,8270,1773,6,0.036420242605809616,0.0033610472315584645,-5.9348306431284215,0.9999999985292553
1532592647,1765,8270,1773,6,0.036420242605809616,0.0033610472315584645,-5.9348306431284215,0.9999999985292553
1534097952,1786,1765,1775,2,0.0069903368872441035,0.0009729347249248188,-1.5439788513163195,0.9387032719475232
1534098007,1786,1765,1775,2,0.0069903368872441035,0.0009729347249248188,-1.5439788513163195,0.9387032719475232
1534189496,1786,1765,1775,2,0.0069903368872441035,0.0009729347249248188,-1.5439788513163195,0.9387032719475232
1534193106,1775,1765,1786,4,0.07442652803477545,0.0009434518544725514,-2.2397935329687613,0.9874478350393964
1534696224,1775,1765,8270,4,0.033101301142538266,0.00011793148180906893,-1.4749319675274488,0.9298845825847012
1535166580,1773,8270,1886,8,0.002525920051693248,0.0012972462998997582,-1.2068921156577843,0.8862631527753367
1536870017,8270,1765,1786,4,0.07401533174729051,0.0025944925997995164,-5.030390085252448,0.9999997552585336
1536870018,8270,1765,1786,4,0.07401533174729051,0.0025944925997995164,-5.030390085252448,0.9999997552585336
1538571180,1775,8270,1773,8,0.037272006344171285,0.0013267291703520257,-2.622499020529659,0.995635624064548
1539253177,1775,1765,1786,4,0.07442652803477545,0.0009434518544725514,-2.2397935329687613,0.9874478350393964
1539440490,1773,8270,1886,16,0.002525920051693248,0.0012972462998997582,-1.2068921156577843,0.8862631527753367
1539943628,1773,8270,1765,16,0.009398772285370224,0.0015920750044224304,-3.989099084489436,0.9999668376425858
1539943628,1773,8270,1786,8,0.0024084353981261197,0.0002948287045226723,-2.1260465545567206,0.983250308314784
1539946485,1765,8270,1807,48,0.0006167944312274209,0.0007075888908544138,0.12298563992556935,0.4510592346571023
1540552288,1773,8270,1810,8,0.0014685581695890973,0.00011793148180906893,-1.739007108629994,0.9589832437308312
1540898707,1775,1765,8270,4,0.033101301142538266,0.00011793148180906893,-1.4749319675274488,0.9298845825847012
1540999139,1775,1765,1909,2,0.0021440949276000823,0.00014741435226133616,-0.3453366401627038,0.6350793479287367
1541860821,1775,1765,1786,4,0.07442652803477545,0.0009434518544725514,-2.2397935329687613,0.9874478350393964
1541934922,1909,1765,8270,6,0.03313067230593004,8.844861135680171e-05,-1.5665220027735158,0.9413867691711084
1542187295,8270,1765,1786,4,0.07401533174729051,0.0025944925997995164,-5.030390085252448,0.9999997552585336
1542224791,1848,1765,8270,16,0.03289570299879578,0.00044224305678400847,-1.5004074735424802,0.9332455575981771
1542309765,1786,1765,1909,4,0.0020266102740329546,0.0007960375022112152,-0.5849527686307638,0.7207102622436748
1542803231,1786,1765,1775,4,0.0069903368872441035,0.0009729347249248188,-1.5439788513163195,0.9387032719475232
1542803231,1786,1765,1909,4,0.0020266102740329546,0.0007960375022112152,-0.5849527686307638,0.7207102622436748
1543079591,1765,8270,1773,4,0.036420242605809616,0.0033610472315584645,-5.9348306431284215,0.9999999985292553
1543079592,1765,8270,1773,4,0.036420242605809616,0.0033610472315584645,-5.9348306431284215,0.9999999985292553
1543499441,1775,1765,1786,6,0.07442652803477545,0.0009434518544725514,-2.2397935329687613,0.9874478350393964
1543610596,1786,1765,1848,6,0.0077833582988222185,0.001503626393065629,-1.5276098085287342,0.9366952774946188
1543610596,1786,1765,8270,4,0.032043939260434105,0.0012677634294474911,-3.7356999182899058,0.9999064031039502
1543675847,1773,8270,1831,8,0.0021147237642083,0.00011793148180906893,-2.1431779810485265,0.9839505951760208
1543676136,1848,1765,1786,12,0.07472023966869328,0.000383277315879474,-2.3313292224391042,0.9901319967689269
1544204810,1775,1765,1786,28,0.07442652803477545,0.0009434518544725514,-2.2397935329687613,0.9874478350393964
1544204810,1775,1765,1909,8,0.0021440949276000823,0.00014741435226133616,-0.3453366401627038,0.6350793479287367
1544690761,1786,1765,8270,6,0.032043939260434105,0.0012677634294474911,-3.7356999182899058,0.9999064031039502
1544690762,1786,1765,8270,6,0.032043939260434105,0.0012677634294474911,-3.7356999182899058,0.9999064031039502
1544968373,1909,1765,1786,6,0.07483772432226041,0.00035379444542720683,-2.401925796445087,0.9918454918437436
1544968374,1909,1765,1786,6,0.07483772432226041,0.00035379444542720683,-2.401925796445087,0.9918454918437436
1545164340,1775,8270,1773,12,0.037272006344171285,0.0013267291703520257,-2.622499020529659,0.995635624064548
1545220678,1786,8270,1773,24,0.03753634681469733,0.0010319004658293528,-3.2079655610711497,0.9993316124753928
1545221735,1786,8270,1773,24,0.03753634681469733,0.0010319004658293528,-3.2079655610711497,0.9993316124753928
1546098282,1786,1765,1848,12,0.0077833582988222185,0.001503626393065629,-1.5276098085287342,0.9366952774946188
1546284599,8270,1765,1786,6,0.07401533174729051,0.0025944925997995164,-5.030390085252448,0.9999997552585336
1546284602,8270,1765,1786,6,0.07401533174729051,0.0025944925997995164,-5.030390085252448,0.9999997552585336
1546284647,1765,8270,1886,2,0.0028490028490028487,0.0002653458340704051,-1.6301938730237624,0.9484697357719571
1546419308,1786,1765,1848,8,0.0077833582988222185,0.001503626393065629,-1.5276098085287342,0.9366952774946188
1546419309,1786,1765,1848,8,0.0077833582988222185,0.001503626393065629,-1.5276098085287342,0.9366952774946188
1546602996,1786,1765,1775,4,0.0069903368872441035,0.0009729347249248188,-1.5439788513163195,0.9387032719475232
1546602998,1786,1765,1775,4,0.0069903368872441035,0.0009729347249248188,-1.5439788513163195,0.9387032719475232
1548620451,1786,1765,1775,16,0.0069903368872441035,0.0009729347249248188,-1.5439788513163195,0.9387032719475232
1548662831,1775,1765,1871,4,0.0006461655946192027,0.00011793148180906893,-0.16629717607342406,0.5660384558638714
1548662832,1775,1765,1871,4,0.0006461655946192027,0.00011793148180906893,-0.16629717607342406,0.5660384558638714
1548667326,1909,1765,1773,4,0.004875613123035804,0.00011793148180906893,-0.579573237096052,0.7188987774036221
1548667326,1909,1765,1848,6,0.00831203923987429,0.000383277315879474,-0.7410206539333501,0.7706595413378184
1548667327,1909,1765,1773,4,0.004875613123035804,0.00011793148180906893,-0.579573237096052,0.7188987774036221
1548667327,1909,1765,1848,6,0.00831203923987429,0.000383277315879474,-0.7410206539333501,0.7706595413378184
1548668980,1773,1765,1825,6,0.0002643404705260375,8.844861135680171e-05,-0.0838102128523728,0.5333963360454363
1548671923,1825,1765,1871,8,0.0007049079214027668,0.00035379444542720683,-0.06062392811527838,0.5241706416551017
1548671925,1825,1765,1871,4,0.0007049079214027668,0.00035379444542720683,-0.06062392811527838,0.5241706416551017
1548672022,1825,1765,1871,4,0.0007049079214027668,0.00035379444542720683,-0.06062392811527838,0.5241706416551017
1548672023,1825,1765,1871,4,0.0007049079214027668,0.00035379444542720683,-0.06062392811527838,0.5241706416551017
1548672025,1825,1765,1871,4,0.0007049079214027668,0.00035379444542720683,-0.06062392811527838,0.5241706416551017
1548750203,1775,1765,1786,4,0.07442652803477545,0.0009434518544725514,-2.2397935329687613,0.9874478350393964
1548750204,1775,1765,1786,4,0.07442652803477545,0.0009434518544725514,-2.2397935329687613,0.9874478350393964
1548752214,1786,1765,1848,4,0.0077833582988222185,0.001503626393065629,-1.5276098085287342,0.9366952774946188
1548752214,1786,1765,1871,2,0.0006755367580109847,0.00032431157497493955,-0.2889788080498804,0.6137012026203814
1548752214,1786,1765,1909,4,0.0020266102740329546,0.0007960375022112152,-0.5849527686307638,0.7207102622436748
1548752216,1786,1765,1848,8,0.0077833582988222185,0.001503626393065629,-1.5276098085287342,0.9366952774946188
1548752216,1786,1765,1871,4,0.0006755367580109847,0.00032431157497493955,-0.2889788080498804,0.6137012026203814
1548752216,1786,1765,1909,8,0.0020266102740329546,0.0007960375022112152,-0.5849527686307638,0.7207102622436748
1548752272,1786,1765,1848,4,0.0077833582988222185,0.001503626393065629,-1.5276098085287342,0.9366952774946188
1548752272,1786,1765,1871,2,0.0006755367580109847,0.00032431157497493955,-0.2889788080498804,0.6137012026203814
1548752272,1786,1765,1909,4,0.0020266102740329546,0.0007960375022112152,-0.5849527686307638,0.7207102622436748
1548752273,1786,1765,1848,4,0.0077833582988222185,0.001503626393065629,-1.5276098085287342,0.9366952774946188
1548752273,1786,1765,1871,2,0.0006755367580109847,0.00032431157497493955,-0.2889788080498804,0.6137012026203814
1548752273,1786,1765,1909,4,0.0020266102740329546,0.0007960375022112152,-0.5849527686307638,0.7207102622436748
1548752582,1786,1765,1848,12,0.0077833582988222185,0.001503626393065629,-1.5276098085287342,0.9366952774946188
1548752582,1786,1765,1871,6,0.0006755367580109847,0.00032431157497493955,-0.2889788080498804,0.6137012026203814
1548752582,1786,1765,1909,12,0.0020266102740329546,0.0007960375022112152,-0.5849527686307638,0.7207102622436748
1548752599,1786,1765,1848,4,0.0077833582988222185,0.001503626393065629,-1.5276098085287342,0.9366952774946188
1548752599,1786,1765,1871,2,0.0006755367580109847,0.00032431157497493955,-0.2889788080498804,0.6137012026203814
1548752599,1786,1765,1909,4,0.0020266102740329546,0.0007960375022112152,-0.5849527686307638,0.7207102622436748
1548752626,1786,1765,1848,4,0.0077833582988222185,0.001503626393065629,-1.5276098085287342,0.9366952774946188
1548752626,1786,1765,1871,2,0.0006755367580109847,0.00032431157497493955,-0.2889788080498804,0.6137012026203814
1548752626,1786,1765,1909,4,0.0020266102740329546,0.0007960375022112152,-0.5849527686307638,0.7207102622436748
1548752875,1909,1765,1848,4,0.00831203923987429,0.000383277315879474,-0.7410206539333501,0.7706595413378184
1548752875,1909,1765,1871,2,0.0007049079214027668,8.844861135680171e-05,-0.19708682416733744,0.5781202029989674
1548752907,1909,1765,1848,4,0.00831203923987429,0.000383277315879474,-0.7410206539333501,0.7706595413378184
1548752907,1909,1765,1871,2,0.0007049079214027668,8.844861135680171e-05,-0.19708682416733744,0.5781202029989674
1548752908,1909,1765,1848,4,0.00831203923987429,0.000383277315879474,-0.7410206539333501,0.7706595413378184
1548752908,1909,1765,1871,2,0.0007049079214027668,8.844861135680171e-05,-0.19708682416733744,0.5781202029989674
1548752935,1786,1765,1848,4,0.0077833582988222185,0.001503626393065629,-1.5276098085287342,0.9366952774946188
1548752935,1786,1765,1871,2,0.0006755367580109847,0.00032431157497493955,-0.2889788080498804,0.6137012026203814
1548752935,1786,1765,1909,4,0.0020266102740329546,0.0007960375022112152,-0.5849527686307638,0.7207102622436748
1548754602,1786,1765,1775,8,0.0069903368872441035,0.0009729347249248188,-1.5439788513163195,0.9387032719475232
1548754602,1786,1765,1848,2,0.0077833582988222185,0.001503626393065629,-1.5276098085287342,0.9366952774946188
1548754603,1786,1765,1775,8,0.0069903368872441035,0.0009729347249248188,-1.5439788513163195,0.9387032719475232
1548754603,1786,1765,1848,2,0.0077833582988222185,0.001503626393065629,-1.5276098085287342,0.9366952774946188
1548767959,1775,1765,1848,8,0.008429523893441421,0.00035379444542720683,-0.7066566190437663,0.7601100528192952
1548767960,1775,1765,1848,16,0.008429523893441421,0.00035379444542720683,-0.7066566190437663,0.7601100528192952
