timestamp,X,Y,A,Z,esito_positivo
1467742112,1770,1766,1821,1766,3
1468667730,1788,1766,1776,1766,3
1468667730,1788,1766,1776,1766,3
1468667730,1788,1766,1776,1766,3
1468667730,1788,1766,1776,1766,3
1468667731,1788,1766,1776,1766,3
1468667731,1788,1766,1776,1766,3
1468667731,1788,1766,1776,1766,3
1468667731,1788,1766,1776,1766,3
1468667733,1788,1766,1776,1766,3
1468667733,1788,1766,1776,1766,3
1468667733,1788,1766,1776,1766,3
1468667733,1788,1766,1776,1766,3
1468667847,1788,1766,1776,1766,3
1468667847,1788,1766,1776,1766,3
1468667847,1788,1766,1776,1766,3
1468667847,1788,1766,1776,1766,3
1468667848,1788,1766,1776,1766,3
1468667848,1788,1766,1776,1766,3
1468667848,1788,1766,1776,1766,3
1468667848,1788,1766,1776,1766,3
1468667849,1788,1766,1776,1766,3
1468667849,1788,1766,1776,1766,3
1468667849,1788,1766,1776,1766,3
1468667849,1788,1766,1776,1766,3
1468668983,1788,1766,1776,1766,3
1468668983,1788,1766,1776,1766,3
1468668983,1788,1766,1776,1766,3
1468668983,1788,1766,1776,1766,3
1468668985,1788,1766,1776,1766,3
1468668985,1788,1766,1776,1766,3
1468668985,1788,1766,1776,1766,3
1468668985,1788,1766,1776,1766,3
1468669359,1788,1766,1776,1766,3
1468669359,1788,1766,1776,1766,3
1468669359,1788,1766,1776,1766,3
1468669359,1788,1766,1776,1766,3
1470741769,1838,1931,1933,1931,3
1470741769,1838,1931,1933,1931,3
1470741769,1838,1931,1933,1931,3
1470741769,1838,1931,1933,1931,3
1470741774,1838,1931,1933,1931,3
1470741774,1838,1931,1933,1931,3
1470741774,1838,1931,1933,1931,3
1470741774,1838,1931,1933,1931,3
1471439032,1838,1931,1933,1931,3
1471439032,1838,1931,1933,1931,3
1471439032,1838,1931,1933,1931,3
1471439032,1838,1931,1933,1931,3
1471439032,1838,1931,1933,1931,3
1471439032,1838,1931,1933,1931,3
1471439032,1838,1931,1933,1931,3
1471439032,1838,1931,1933,1931,3
1471439032,1838,1931,1933,1931,3
1471439032,1838,1931,1933,1931,3
1471439032,1838,1931,1933,1931,3
1471439032,1838,1931,1933,1931,3
1471439032,1838,1931,1933,1931,3
1471439032,1838,1931,1933,1931,3
1471439032,1838,1931,1933,1931,3
1471439032,1838,1931,1933,1931,3
1471439032,1838,1931,1933,1931,3
1471439032,1838,1931,1933,1931,3
1471439032,1838,1931,1933,1931,3
1471439032,1838,1931,1933,1931,3
1471439032,1838,1931,1933,1931,3
1471439032,1838,1931,1933,1931,3
1471439032,1838,1931,1933,1931,3
1471439032,1838,1931,1933,1931,3
1471439034,1838,1931,1933,1931,3
1471439034,1838,1931,1933,1931,3
1471439034,1838,1931,1933,1931,3
1471439034,1838,1931,1933,1931,3
1471439034,1838,1931,1933,1931,3
1471439034,1838,1931,1933,1931,3
1471439034,1838,1931,1933,1931,3
1471439034,1838,1931,1933,1931,3
1471439034,1838,1931,1933,1931,3
1471439034,1838,1931,1933,1931,3
1471439034,1838,1931,1933,1931,3
1471439034,1838,1931,1933,1931,3
1471439034,1838,1931,1933,1931,3
1471439034,1838,1931,1933,1931,3
1471439034,1838,1931,1933,1931,3
1471439034,1838,1931,1933,1931,3
1471439034,1838,1931,1933,1931,3
1471439034,1838,1931,1933,1931,3
1471439034,1838,1931,1933,1931,3
1471439034,1838,1931,1933,1931,3
1471439034,1838,1931,1933,1931,3
1471439034,1838,1931,1933,1931,3
1471439034,1838,1931,1933,1931,3
1471439034,1838,1931,1933,1931,3
1471439123,1838,1931,1933,1931,3
1471439123,1838,1931,1933,1931,3
1471439123,1838,1931,1933,1931,3
1471439123,1838,1931,1933,1931,3
1471439123,1838,1931,1933,1931,3
1471439123,1838,1931,1933,1931,3
1471439123,1838,1931,1933,1931,3
1471439123,1838,1931,1933,1931,3
1471439123,1838,1931,1933,1931,3
1471439123,1838,1931,1933,1931,3
1471439123,1838,1931,1933,1931,3
1471439123,1838,1931,1933,1931,3
1471439123,1838,1931,1933,1931,3
1471439123,1838,1931,1933,1931,3
1471439123,1838,1931,1933,1931,3
1471439123,1838,1931,1933,1931,3
1471439123,1838,1931,1933,1931,3
1471439123,1838,1931,1933,1931,3
1471439123,1838,1931,1933,1931,3
1471439123,1838,1931,1933,1931,3
1471439123,1838,1931,1933,1931,3
1471439123,1838,1931,1933,1931,3
1471439123,1838,1931,1933,1931,3
1471439123,1838,1931,1933,1931,3
1471439126,1838,1931,1933,1931,3
1471439126,1838,1931,1933,1931,3
1471439126,1838,1931,1933,1931,3
1471439126,1838,1931,1933,1931,3
1471439126,1838,1931,1933,1931,3
1471439126,1838,1931,1933,1931,3
1471439126,1838,1931,1933,1931,3
1471439126,1838,1931,1933,1931,3
1471439126,1838,1931,1933,1931,3
1471439126,1838,1931,1933,1931,3
1471439126,1838,1931,1933,1931,3
1471439126,1838,1931,1933,1931,3
1471439126,1838,1931,1933,1931,3
1471439126,1838,1931,1933,1931,3
1471439126,1838,1931,1933,1931,3
1471439126,1838,1931,1933,1931,3
1471439126,1838,1931,1933,1931,3
1471439126,1838,1931,1933,1931,3
1471439126,1838,1931,1933,1931,3
1471439126,1838,1931,1933,1931,3
1471439126,1838,1931,1933,1931,3
1471439126,1838,1931,1933,1931,3
1471439126,1838,1931,1933,1931,3
1471439126,1838,1931,1933,1931,3
1471441294,1791,1931,1933,1931,3
1471441294,1791,1931,1933,1931,3
1471441294,1791,1931,1933,1931,3
1471441294,1791,1931,1933,1931,3
1473190284,1773,1766,1861,1766,3
1473286375,1842,1931,44800,1931,3
1473286375,1842,1931,44800,1931,3
1473286747,1842,1931,44800,1931,3
1473286747,1842,1931,44800,1931,3
1473458368,2060,1935,27,1935,3
1473458371,2060,1935,27,1935,3
1474382905,1810,1766,1873,1766,3
1474382905,1810,1766,1873,1766,3
1474382905,1810,1766,1873,1766,3
1478719328,2012,1935,1896,1935,3
1478719328,2012,1935,1896,1935,3
1478719964,2014,1935,1896,1935,3
1478719964,2014,1935,1896,1935,3
1478968989,1950,1935,1896,1935,3
1478968989,1950,1935,1896,1935,3
1478968989,1950,1935,1896,1935,3
1478968991,1950,1935,1896,1935,3
1478968991,1950,1935,1896,1935,3
1478968991,1950,1935,1896,1935,3
1478968991,1950,1935,1896,1935,3
1478968991,1950,1935,1896,1935,3
1478968991,1950,1935,1896,1935,3
1479396104,43380,18,1959,18,3
1479396104,43380,18,1959,18,3
1479396104,43380,18,1959,18,3
1479396104,43380,18,1959,18,3
1479396104,43380,18,1959,18,3
1479396104,43380,18,1959,18,3
1479419079,1950,2040,39862,2040,3
1479419079,1950,2040,39862,2040,3
1479734925,1950,2053,45089,2053,3
1479734925,1950,2053,45089,2053,3
1479734927,1950,2053,45089,2053,3
1479734927,1950,2053,45089,2053,3
1479734927,1950,2053,45089,2053,3
1479734927,1950,2053,45089,2053,3
1483347670,43380,18,1959,18,3
1483966757,2071,34458,8096,34458,3
1483966757,2071,34458,8096,34458,3
1483966757,2071,34458,8096,34458,3
1483966757,2071,34458,8096,34458,3
1483966757,2071,34458,8096,34458,3
1483966757,2071,34458,8096,34458,3
1483966757,2071,34458,8096,34458,3
1483966757,2071,34458,8096,34458,3
1483966757,2071,34458,8096,34458,3
1483966757,2071,34458,8096,34458,3
1483966757,2071,34458,8096,34458,3
1483966757,2071,34458,8096,34458,3
1484147861,2001,2072,43391,2072,2
1484769776,8171,2072,43391,2072,2
1484769776,8171,2072,43391,2072,2
1484770528,8171,2072,43391,2072,2
1484770528,8171,2072,43391,2072,2
1484922552,1770,1955,35438,1955,3
1484922552,1770,1955,35438,1955,3
1484922552,1770,1955,35438,1955,3
1484922552,1770,1955,35438,1955,3
1484922552,1770,1955,35438,1955,3
1484922552,1770,1955,35438,1955,3
1484922552,1770,1955,35438,1955,3
1484922552,1770,1955,35438,1955,3
1484922552,1770,1955,35438,1955,3
1485101084,8171,2072,45212,2072,3
1485101084,8171,2072,45212,2072,2
1485101084,8171,2072,45212,2072,3
1485101084,8171,2072,45212,2072,2
1485101084,8171,2072,45212,2072,3
1485101084,8171,2072,45212,2072,2
1485101084,8171,2072,45212,2072,3
1485101084,8171,2072,45212,2072,2
1485101084,8171,2072,45212,2072,3
1485101084,8171,2072,45212,2072,2
1485101084,8171,2072,45212,2072,3
1485101084,8171,2072,45212,2072,2
1485101084,8171,2072,45212,2072,3
1485101084,8171,2072,45212,2072,2
1485101084,8171,2072,45212,2072,3
1485101084,8171,2072,45212,2072,2
1485258345,43369,18,44890,18,3
1485258345,43369,18,44890,18,3
1485258345,43369,18,44890,18,3
1485258345,43369,18,44890,18,3
1485258345,43369,18,44886,18,3
1485258345,43369,18,44886,18,3
1485258345,43369,18,44886,18,3
1485258345,43369,18,44886,18,3
1485258345,43369,18,44886,18,3
1485258345,43369,18,44886,18,3
1485258345,43369,18,44886,18,3
1485258345,43369,18,44886,18,3
1485258345,43369,18,44886,18,3
1485258345,43369,18,44886,18,3
1485258345,43369,18,34506,18,3
1485258345,43369,18,34506,18,3
1485258361,43369,18,44890,18,3
1485258361,43369,18,44890,18,3
1485258361,43369,18,44890,18,3
1485258361,43369,18,44890,18,3
1485258361,43369,18,44886,18,3
1485258361,43369,18,44886,18,3
1485258361,43369,18,44886,18,3
1485258361,43369,18,44886,18,3
1485258361,43369,18,44886,18,3
1485258361,43369,18,44886,18,3
1485258361,43369,18,44886,18,3
1485258361,43369,18,44886,18,3
1485258361,43369,18,44886,18,3
1485258361,43369,18,44886,18,3
1485258361,43369,18,34506,18,3
1485258361,43369,18,34506,18,3
1485280904,8171,2072,43413,2072,3
1485280904,8171,2072,43413,2072,3
1485381616,7982,8171,35635,8171,3
1485840131,8171,2072,43391,2072,2
1486464092,8171,2072,43391,2072,3
1486464092,8171,2072,43391,2072,3
1486485220,1770,1955,35458,1955,3
1486485220,1770,1955,35458,1955,3
1486636217,8171,2072,43391,2072,3
1486636217,8171,2072,43391,2072,3
1486745315,43380,18,8096,18,3
1486745315,43380,18,8096,18,3
1486745315,43380,18,8096,18,2
1486745315,43380,18,8096,18,2
1486745315,43380,18,8096,18,2
1486745315,43380,18,8096,18,2
1487942143,43939,8171,35608,8171,3
1487942143,43939,8171,35608,8171,3
1487942143,43939,8171,35608,8171,3
1487942143,43939,8171,35608,8171,3
1487942143,43939,8171,35608,8171,3
1487942143,43939,8171,35608,8171,3
1487942143,43939,8171,35608,8171,3
1487942143,43939,8171,35608,8171,3
1487942143,43939,8171,35608,8171,3
1487942143,43939,8171,35608,8171,3
1487942143,43939,8171,35608,8171,3
1487942143,43939,8171,35608,8171,3
1487942143,43939,8171,35608,8171,3
1487942143,43939,8171,35608,8171,3
1487942143,43939,8171,35608,8171,3
1487942143,43939,8171,35608,8171,3
1487942143,43939,8171,35608,8171,3
1487942143,43939,8171,35608,8171,3
1487942143,43939,8171,35608,8171,3
1487942143,43939,8171,35608,8171,3
1487942143,43939,8171,35608,8171,3
1487942143,43939,8171,35608,8171,3
1487942143,43939,8171,35608,8171,3
1487942143,43939,8171,35608,8171,3
1487942143,43939,8171,35608,8171,3
1487942143,43939,8171,35608,8171,3
1487942143,43939,8171,35608,8171,3
1487942209,43940,8171,35608,8171,3
1487942209,43940,8171,35608,8171,3
1487942209,43940,8171,35608,8171,3
1487942209,43940,8171,35608,8171,3
1487942209,43940,8171,35608,8171,3
1487942209,43940,8171,35608,8171,3
1487942209,43940,8171,35608,8171,3
1487942209,43940,8171,35608,8171,3
1487942209,43940,8171,35608,8171,3
1487942209,43940,8171,35608,8171,3
1487942209,43940,8171,35608,8171,3
1487942209,43940,8171,35608,8171,3
1487942209,43940,8171,35608,8171,3
1487942209,43940,8171,35608,8171,3
1487942209,43940,8171,35608,8171,3
1487942209,43940,8171,35608,8171,3
1487942209,43940,8171,35608,8171,3
1487942209,43940,8171,35608,8171,3
1487942209,43940,8171,35608,8171,3
1487942209,43940,8171,35608,8171,3
1487942209,43940,8171,35608,8171,3
1487942209,43940,8171,35608,8171,3
1487942209,43940,8171,35608,8171,3
1487942209,43940,8171,35608,8171,3
1487942209,43940,8171,35608,8171,3
1487942209,43940,8171,35608,8171,3
1487942209,43940,8171,35608,8171,3
1488403388,1773,1765,4688,1765,3
1488403388,1773,1765,4688,1765,3
1488403388,1773,1765,4688,1765,3
1488403388,1773,1765,4688,1765,3
1488403388,1773,1765,4688,1765,3
1488403388,1773,1765,4688,1765,3
1488403388,1773,1765,4688,1765,3
1488403388,1773,1765,4688,1765,3
1488533387,1786,1765,4697,1765,3
1488533912,1786,1765,4697,1765,3
1488534699,1786,1765,4697,1765,3
1488923706,1848,1765,4688,1765,3
1488923706,1848,1765,4688,1765,3
1488923706,1848,1765,4688,1765,3
1488923706,1848,1765,4688,1765,3
1488923706,1848,1765,4688,1765,3
1488923706,1848,1765,4688,1765,3
1489144187,69,68,9314,68,3
1489144187,69,68,9314,68,3
1489144187,69,68,9314,68,3
1489144187,69,68,9314,68,3
1489144187,69,68,9314,68,3
1489144187,69,68,9314,68,3
1489144187,69,68,9314,68,3
1489144187,69,68,9314,68,3
1489144190,69,68,9314,68,3
1489144190,69,68,9314,68,3
1489144190,69,68,9314,68,3
1489144190,69,68,9314,68,3
1489144292,69,68,9314,68,3
1489144292,69,68,9314,68,3
1489144292,69,68,9314,68,3
1489144292,69,68,9314,68,3
1489402148,69,68,115,68,3
1489402148,69,68,115,68,3
1489402148,69,68,115,68,3
1489402148,69,68,115,68,3
1489402148,69,68,115,68,3
1489402148,69,68,115,68,3
1489402148,69,68,115,68,3
1489402148,69,68,115,68,3
1489402148,69,68,115,68,3
1489402148,69,68,115,68,3
1489402148,69,68,115,68,3
1489402148,69,68,115,68,3
1489402148,69,68,115,68,3
1489402148,69,68,115,68,3
1489402148,69,68,115,68,3
1489402148,69,68,115,68,3
1489402148,69,68,115,68,3
1489402148,69,68,115,68,3
1489402148,69,68,115,68,3
1489402148,69,68,115,68,3
1489402148,69,68,115,68,3
1489402148,69,68,115,68,3
1489402148,69,68,115,68,3
1489402148,69,68,115,68,3
1489402151,69,68,115,68,3
1489402151,69,68,115,68,3
1489402151,69,68,115,68,3
1489402151,69,68,115,68,3
1489402151,69,68,115,68,3
1489402151,69,68,115,68,3
1489402151,69,68,115,68,3
1489402151,69,68,115,68,3
1489402151,69,68,115,68,3
1489402151,69,68,115,68,3
1489402151,69,68,115,68,3
1489402151,69,68,115,68,3
1489429680,1909,1765,4688,1765,3
1489688108,1786,1765,4688,1765,3
1489688108,1786,1765,4688,1765,3
1489688108,1786,1765,4688,1765,3
1490456991,1786,1765,4688,1765,3
1490456991,1786,1765,4688,1765,3
1490988677,34572,8171,43937,8171,3
1490999216,35619,34458,24,34458,3
1490999216,35619,34458,24,34458,3
1490999216,35619,34458,24,34458,3
1490999543,35619,34458,24,34458,3
1490999543,35619,34458,24,34458,3
1490999543,35619,34458,24,34458,3
1490999543,35619,34458,24,34458,3
1491313511,1773,1765,4688,1765,3
1491313511,1773,1765,4688,1765,3
1491313511,1773,1765,4688,1765,3
1491313511,1773,1765,4688,1765,3
1491313511,1773,1765,4688,1765,3
1491338711,35646,35654,35656,35654,3
1491338711,35646,35654,35656,35654,3
1491338715,35646,35654,35656,35654,3
1491338715,35646,35654,35656,35654,3
1491339178,35646,35654,35656,35654,3
1491339178,35646,35654,35656,35654,3
1491339183,35646,35654,35656,35654,3
1491339183,35646,35654,35656,35654,3
1491760810,44610,35654,45423,35654,3
1491846187,44610,35654,45430,35654,3
1491846187,44610,35654,45430,35654,3
1491846187,44610,35654,45430,35654,3
1491846187,44610,35654,45430,35654,3
1491846187,44610,35654,45430,35654,3
1491846270,44610,35654,45430,35654,3
1491846270,44610,35654,45430,35654,3
1491846270,44610,35654,45430,35654,3
1491846270,44610,35654,45430,35654,3
1491846270,44610,35654,45430,35654,3
1492002922,1773,1765,4688,1765,3
1492002922,1773,1765,4688,1765,3
1492002922,1773,1765,4688,1765,3
1492002922,1773,1765,4688,1765,3
1492002922,1773,1765,4688,1765,3
1492002922,1773,1765,4688,1765,3
1492002922,1773,1765,4688,1765,3
1492002922,1773,1765,4688,1765,3
1492002922,1773,1765,4688,1765,3
1492002922,1773,1765,4688,1765,3
1492002922,1773,1765,4688,1765,3
1492002922,1773,1765,4688,1765,3
1492002922,1773,1765,4688,1765,3
1492002922,1773,1765,4688,1765,3
1492002922,1773,1765,4688,1765,3
1492004923,43889,1955,35563,1955,3
1492004923,43889,1955,35563,1955,3
1492004923,43889,1955,35563,1955,3
1492004923,43889,1955,35563,1955,3
1492020622,1848,1765,4688,1765,3
1492020622,1848,1765,4688,1765,3
1492020622,1848,1765,4688,1765,3
1492020622,1848,1765,4688,1765,3
1492020622,1848,1765,4688,1765,3
1492020622,1848,1765,4688,1765,3
1492162300,1786,1765,4688,1765,3
1492162300,1786,1765,4688,1765,3
1492162300,1786,1765,4688,1765,3
1492162300,1786,1765,4688,1765,3
1492162300,1786,1765,4688,1765,3
1492162300,1786,1765,4688,1765,3
1492162300,1786,1765,4688,1765,3
1492162300,1786,1765,4688,1765,3
1492162300,1786,1765,4688,1765,3
1492162300,1786,1765,4688,1765,3
1492162300,1786,1765,4688,1765,3
1492162300,1786,1765,4688,1765,3
1492162300,1786,1765,4688,1765,3
1492162300,1786,1765,4688,1765,3
1492162300,1786,1765,4688,1765,3
1492162300,1786,1765,4688,1765,3
1492188163,1773,1765,4697,1765,3
1492288520,34632,34660,34663,34660,3
1492288520,34632,34660,34663,34660,3
1492288520,34632,34660,34663,34660,2
1492288520,34632,34660,34663,34660,2
1492288520,34632,34660,34663,34660,2
1492288520,34632,34660,34663,34660,1
1492545241,34634,1955,35464,1955,3
1492545241,34634,1955,35464,1955,3
1492545241,34634,1955,35464,1955,3
1492545241,34634,1955,35464,1955,3
1492545241,34634,1955,35464,1955,3
1492545241,34634,1955,35464,1955,3
1492545241,34634,1955,35464,1955,3
1492545241,34634,1955,35464,1955,3
1492545241,34634,1955,35464,1955,3
1492545241,34634,1955,35464,1955,3
1492545241,34634,1955,35464,1955,3
1492545241,34634,1955,35464,1955,3
1492545241,34634,1955,35464,1955,3
1492545241,34634,1955,35464,1955,3
1492545241,34634,1955,35464,1955,3
1492545241,34634,1955,35464,1955,3
1492545241,34634,1955,35464,1955,3
1492545241,34634,1955,35464,1955,3
1492545241,34634,1955,35464,1955,3
1492545241,34634,1955,35464,1955,3
1492545241,34634,1955,35464,1955,3
1492545241,34634,1955,35464,1955,3
1492545241,34634,1955,35464,1955,3
1492545241,34634,1955,35464,1955,3
1492545241,34634,1955,35464,1955,3
1492545241,34634,1955,35464,1955,3
1492545241,34634,1955,35464,1955,3
1492545241,34634,1955,35464,1955,3
1492545241,34634,1955,35464,1955,3
1492545241,34634,1955,35464,1955,3
1492545241,34634,1955,35464,1955,3
1492545241,34634,1955,35464,1955,3
1492545241,34634,1955,35464,1955,3
1492545241,34634,1955,35464,1955,3
1492545241,34634,1955,35464,1955,3
1492545241,34634,1955,35464,1955,3
1492545241,34634,1955,35464,1955,3
1492545241,34634,1955,35464,1955,3
1492545241,34634,1955,35464,1955,3
1492545241,34634,1955,35464,1955,3
1492545241,34634,1955,35464,1955,3
1492545241,34634,1955,35464,1955,3
1492960527,1786,1765,4688,1765,3
1492960527,1786,1765,4688,1765,3
1492960527,1786,1765,4688,1765,3
1492978306,1786,1765,4688,1765,3
1493041037,1773,1765,4688,1765,3
1493041037,1773,1765,4688,1765,3
1493041037,1773,1765,4688,1765,3
1493041037,1773,1765,4688,1765,3
1493041037,1773,1765,4688,1765,3
1493041037,1773,1765,4688,1765,3
1493041037,1773,1765,4688,1765,3
1493046730,44610,35654,45438,35654,3
1493324278,35654,35646,35655,35646,3
1493324278,35654,35646,35655,35646,2
1493324278,35654,35646,35655,35646,3
1493324278,35654,35646,35655,35646,3
1493324278,35654,35646,35655,35646,3
1493324278,35654,35646,35655,35646,3
1493324278,35654,35646,35655,35646,3
1493324278,35654,35646,35655,35646,3
1493324279,35654,35646,35655,35646,3
1493324279,35654,35646,35655,35646,2
1493324279,35654,35646,35655,35646,3
1493324279,35654,35646,35655,35646,3
1493324279,35654,35646,35655,35646,3
1493324279,35654,35646,35655,35646,3
1493324279,35654,35646,35655,35646,3
1493324279,35654,35646,35655,35646,3
1493324283,35654,35646,35655,35646,3
1493324283,35654,35646,35655,35646,2
1493324283,35654,35646,35655,35646,3
1493324283,35654,35646,35655,35646,3
1493324283,35654,35646,35655,35646,3
1493324283,35654,35646,35655,35646,3
1493324283,35654,35646,35655,35646,3
1493324283,35654,35646,35655,35646,3
1493324352,35654,35646,35655,35646,3
1493324352,35654,35646,35655,35646,2
1493324352,35654,35646,35655,35646,3
1493324352,35654,35646,35655,35646,3
1493324352,35654,35646,35655,35646,3
1493324352,35654,35646,35655,35646,3
1493324352,35654,35646,35655,35646,3
1493324352,35654,35646,35655,35646,3
1493324353,35654,35646,35655,35646,3
1493324353,35654,35646,35655,35646,2
1493324353,35654,35646,35655,35646,3
1493324353,35654,35646,35655,35646,3
1493324353,35654,35646,35655,35646,3
1493324353,35654,35646,35655,35646,3
1493324353,35654,35646,35655,35646,3
1493324353,35654,35646,35655,35646,3
1493324356,35654,35646,35655,35646,3
1493324356,35654,35646,35655,35646,2
1493324356,35654,35646,35655,35646,3
1493324356,35654,35646,35655,35646,3
1493324356,35654,35646,35655,35646,3
1493324356,35654,35646,35655,35646,3
1493324356,35654,35646,35655,35646,3
1493324356,35654,35646,35655,35646,3
1493324367,35654,35646,35655,35646,3
1493324367,35654,35646,35655,35646,2
1493324367,35654,35646,35655,35646,3
1493324367,35654,35646,35655,35646,3
1493324367,35654,35646,35655,35646,3
1493324367,35654,35646,35655,35646,3
1493324367,35654,35646,35655,35646,3
1493324367,35654,35646,35655,35646,3
1493324368,35654,35646,35655,35646,3
1493324368,35654,35646,35655,35646,2
1493324368,35654,35646,35655,35646,3
1493324368,35654,35646,35655,35646,3
1493324368,35654,35646,35655,35646,3
1493324368,35654,35646,35655,35646,3
1493324368,35654,35646,35655,35646,3
1493324368,35654,35646,35655,35646,3
1493324371,35654,35646,35655,35646,3
1493324371,35654,35646,35655,35646,2
1493324371,35654,35646,35655,35646,3
1493324371,35654,35646,35655,35646,3
1493324371,35654,35646,35655,35646,3
1493324371,35654,35646,35655,35646,3
1493324371,35654,35646,35655,35646,3
1493324371,35654,35646,35655,35646,3
1493832453,1843,1773,45564,1773,3
1493832453,1843,1773,45564,1773,3
1493832453,1843,1773,45564,1773,3
1493832453,1843,1773,45564,1773,3
1493832453,1843,1773,45564,1773,3
1493832453,1843,1773,45564,1773,3
1493832454,1843,1773,45564,1773,3
1493832454,1843,1773,45564,1773,3
1493832454,1843,1773,45564,1773,3
1493832454,1843,1773,45564,1773,3
1493832454,1843,1773,45564,1773,3
1493832454,1843,1773,45564,1773,3
1493832454,1843,1773,45564,1773,3
1493832454,1843,1773,45564,1773,3
1493832454,1843,1773,45564,1773,3
1493832454,1843,1773,45564,1773,3
1493832454,1843,1773,45564,1773,3
1493832454,1843,1773,45564,1773,3
1494013739,1768,1773,9095,1773,3
1494013739,1768,1773,9095,1773,3
1494013739,1768,1773,9095,1773,3
1494013739,1768,1773,9095,1773,3
1494013739,1768,1773,9095,1773,3
1494013739,1768,1773,9095,1773,3
1494013739,1768,1773,9095,1773,3
1494013739,1768,1773,9095,1773,3
1494013739,1768,1773,9095,1773,3
1494013739,1768,1773,9095,1773,3
1494015462,1825,1765,4688,1765,3
1494015462,1825,1765,4688,1765,3
1494015462,1825,1765,4688,1765,3
1494070579,8270,1765,4688,1765,3
1494070579,8270,1765,4688,1765,3
1494070579,8270,1765,4688,1765,3
1494070579,8270,1765,4688,1765,3
1494070579,8270,1765,4688,1765,3
1494070579,8270,1765,4688,1765,3
1494070579,8270,1765,4688,1765,3
1494070579,8270,1765,4688,1765,3
1494072584,8270,1765,4688,1765,3
1494072584,8270,1765,4688,1765,3
1494072584,8270,1765,4688,1765,3
1494072584,8270,1765,4688,1765,3
1494072584,8270,1765,4688,1765,3
1494072584,8270,1765,4688,1765,3
1494072584,8270,1765,4688,1765,3
1494151012,1909,1765,4688,1765,3
1494151012,1909,1765,4688,1765,3
1494151012,1909,1765,4688,1765,3
1494355810,1848,1765,4688,1765,3
1494435158,44610,35654,45440,35654,2
1494436568,44610,35654,45440,35654,3
1494436568,44610,35654,45440,35654,3
1494436568,44610,35654,45440,35654,3
1494436568,44610,35654,45440,35654,3
1494436568,44610,35654,45440,35654,3
1494497315,1848,1765,4688,1765,3
1494497315,1848,1765,4688,1765,3
1494837690,34748,34790,45449,34790,1
1494837741,34748,34790,45449,34790,1
1494964957,1786,1765,4688,1765,3
1495027065,44610,35654,45441,35654,2
1495027065,44610,35654,45441,35654,2
1495027065,44610,35654,45440,35654,2
1495027065,44610,35654,45440,35654,2
1495027065,44610,35654,45440,35654,2
1495045248,8270,1765,4688,1765,3
1495045248,8270,1765,4688,1765,3
1495045248,8270,1765,4688,1765,3
1495045248,8270,1765,4688,1765,3
1495045248,8270,1765,4688,1765,3
1495045248,8270,1765,4688,1765,3
1495045248,8270,1765,4688,1765,3
1495045248,8270,1765,4688,1765,3
1495045248,8270,1765,4688,1765,3
1495045248,8270,1765,4688,1765,3
1495045248,8270,1765,4688,1765,3
1495045248,8270,1765,4688,1765,3
1495045248,8270,1765,4688,1765,3
1495045248,8270,1765,4688,1765,3
1495126113,1765,8270,1936,8270,3
1495126113,1765,8270,1936,8270,3
1495126113,1765,8270,1936,8270,3
1495126113,1765,8270,1936,8270,3
1495126113,1765,8270,1936,8270,3
1495126113,1765,8270,1936,8270,3
1495126113,1765,8270,1936,8270,3
1495126113,1765,8270,1936,8270,3
1495126113,1765,8270,1936,8270,3
1495126113,1765,8270,1936,8270,3
1495126113,1765,8270,1936,8270,3
1495126113,1765,8270,1936,8270,3
1495126705,1775,8270,1936,8270,3
1495126705,1775,8270,1936,8270,3
1495126705,1775,8270,1936,8270,3
1495126705,1775,8270,1936,8270,3
1495126705,1775,8270,1936,8270,3
1495126705,1775,8270,1936,8270,3
1495126705,1775,8270,1936,8270,3
1495126705,1775,8270,1936,8270,3
1495126705,1775,8270,1936,8270,3
1495126705,1775,8270,1936,8270,3
1495126705,1775,8270,1936,8270,3
1495126705,1775,8270,1936,8270,3
1495129554,35646,35654,45440,35654,3
1495129558,35646,35654,45440,35654,3
1495142273,44610,35654,45442,35654,2
1495142273,44610,35654,45442,35654,2
1495142282,44610,35654,45442,35654,3
1495142282,44610,35654,45442,35654,3
1495734023,1788,1773,8224,1773,3
1495734023,1788,1773,8224,1773,3
1495734023,1788,1773,8224,1773,3
1495734023,1788,1773,8224,1773,3
1495734023,1788,1773,8224,1773,3
1495734023,1788,1773,8224,1773,3
1495734024,1788,1773,8224,1773,3
1495734024,1788,1773,8224,1773,3
1495734024,1788,1773,8224,1773,3
1495734024,1788,1773,8224,1773,3
1495734024,1788,1773,8224,1773,3
1495734024,1788,1773,8224,1773,3
1495734024,1788,1773,8224,1773,3
1495734024,1788,1773,8224,1773,3
1495734024,1788,1773,8224,1773,3
1495734024,1788,1773,8224,1773,3
1495734024,1788,1773,8224,1773,3
1495734024,1788,1773,8224,1773,3
1495912858,1765,1773,8224,1773,3
1495912858,1765,1773,8224,1773,3
1495912858,1765,1773,8224,1773,3
1495912858,1765,1773,8224,1773,3
1495912858,1765,1773,8224,1773,3
1495912858,1765,1773,8224,1773,3
1495912858,1765,1773,8224,1773,3
1495912858,1765,1773,8224,1773,3
1495912858,1765,1773,8224,1773,3
1495912858,1765,1773,8224,1773,3
1495912858,1765,1773,8224,1773,3
1495912858,1765,1773,8224,1773,3
1495912858,1765,1773,8224,1773,3
1495912858,1765,1773,8224,1773,3
1495912858,1765,1773,8224,1773,3
1495912858,1765,1773,8224,1773,3
1495912858,1765,1773,8224,1773,3
1495912858,1765,1773,8224,1773,3
1495912858,1765,1773,8224,1773,3
1495912858,1765,1773,8224,1773,3
1495912858,1765,1773,8224,1773,3
1495912858,1765,1773,8224,1773,3
1495912858,1765,1773,8224,1773,3
1495912858,1765,1773,8224,1773,3
1495912858,1765,1773,8224,1773,3
1495912858,1765,1773,8224,1773,3
1495912858,1765,1773,8224,1773,3
1495912858,1765,1773,8224,1773,3
1495912858,1765,1773,8224,1773,3
1495912858,1765,1773,8224,1773,3
1495982941,34713,34791,35691,34712,2
1495982941,34713,34791,35691,34712,2
1495982941,34713,34791,35691,34757,3
1495982941,34713,34791,35691,34791,3
1495982941,34713,34791,35691,34712,2
1495982941,34713,34791,35691,34712,2
1495982941,34713,34791,35691,34712,2
1495982941,34713,34791,35691,34712,2
1495982941,34713,34791,35691,34712,3
1495982941,34713,34791,35691,34712,3
1495982941,34713,34791,35691,34712,3
1495982941,34713,34791,35691,34757,2
1495982941,34713,34791,35691,34791,2
1495982941,34713,34791,35691,34712,1
1495982941,34713,34791,35691,34712,1
1495982941,34713,34791,35691,34712,1
1495982941,34713,34791,35691,34712,1
1495982941,34713,34791,35691,34712,2
1495982941,34713,34791,35691,34712,2
1495982941,34713,34791,35691,34712,2
1495983009,34713,34791,35691,34712,1
1495983009,34713,34791,35691,34712,1
1495983009,34713,34791,35691,34757,2
1495983009,34713,34791,35691,34791,2
1495983009,34713,34791,35691,34712,1
1495983009,34713,34791,35691,34712,1
1495983009,34713,34791,35691,34712,1
1495983009,34713,34791,35691,34712,1
1495983009,34713,34791,35691,34712,2
1495983009,34713,34791,35691,34712,2
1495983009,34713,34791,35691,34712,2
1495983009,34713,34791,35691,34757,1
1495983009,34713,34791,35691,34791,1
1495983009,34713,34791,35691,34712,0
1495983009,34713,34791,35691,34712,0
1495983009,34713,34791,35691,34712,0
1495983009,34713,34791,35691,34712,0
1495983009,34713,34791,35691,34712,1
1495983009,34713,34791,35691,34712,1
1495983009,34713,34791,35691,34712,1
1495995688,34713,34791,35691,34712,2
1495995688,34713,34791,35691,34712,2
1495995688,34713,34791,35691,34712,1
1495995688,34713,34791,35691,34712,1
1495995786,34757,34791,35691,34712,3
1495995786,34757,34791,35691,34712,3
1495995786,34757,34791,35691,34712,2
1495995786,34757,34791,35691,34712,2
1496030894,35641,34751,35691,34757,3
1496030894,35641,34751,35691,34757,3
1496158600,35433,8042,35636,8042,3
1496158600,35433,8042,35636,8042,3
1496158600,35433,8042,35636,8042,3
1496158610,35433,8042,35636,8042,3
1496158610,35433,8042,35636,8042,3
1496158610,35433,8042,35636,8042,3
1496526773,1773,1765,4688,1765,3
1496526773,1773,1765,4688,1765,3
1496526773,1773,1765,4688,1765,3
1496526773,1773,1765,4688,1765,3
1496526773,1773,1765,4688,1765,3
1496526773,1773,1765,4688,1765,3
1496526773,1773,1765,4688,1765,3
1496526773,1773,1765,4688,1765,3
1496526773,1773,1765,4688,1765,3
1496526773,1773,1765,4688,1765,3
1496526773,1773,1765,4688,1765,3
1496526773,1773,1765,4688,1765,3
1496526773,1773,1765,4688,1765,3
1496526773,1773,1765,4688,1765,3
1496526773,1773,1765,4688,1765,3
1496526773,1773,1765,4688,1765,3
1496526773,1773,1765,4688,1765,3
1496526773,1773,1765,4688,1765,3
1496526773,1773,1765,4688,1765,3
1496526773,1773,1765,4688,1765,3
1496526773,1773,1765,4688,1765,3
1496526773,1773,1765,4688,1765,3
1496526773,1773,1765,4688,1765,3
1496526773,1773,1765,4688,1765,3
1496526773,1773,1765,4688,1765,3
1496526773,1773,1765,4688,1765,3
1496526773,1773,1765,4688,1765,3
1496526773,1773,1765,4688,1765,3
1496526773,1773,1765,4688,1765,3
1496526773,1773,1765,4688,1765,3
1496526773,1773,1765,4688,1765,3
1496526773,1773,1765,4688,1765,3
1496526773,1773,1765,4688,1765,3
1496526773,1773,1765,4688,1765,3
1496526773,1773,1765,4688,1765,3
1496526773,1773,1765,4688,1765,3
1496526773,1773,1765,4688,1765,3
1496526773,1773,1765,4688,1765,3
1496526773,1773,1765,4688,1765,3
1496526773,1773,1765,4688,1765,3
1496526773,1773,1765,4688,1765,3
1496526773,1773,1765,4688,1765,3
1496615091,35662,34719,34754,34719,3
1496617173,35662,34719,35661,34719,3
1496617852,35662,34719,35661,34719,3
1496671763,34713,34719,34754,34719,2
1496671763,34713,34719,34754,34719,2
1496671763,34713,34719,34754,34719,2
1496672156,34713,34719,34754,34719,2
1496672156,34713,34719,34754,34719,2
1496672156,34713,34719,34754,34719,2
1496681364,35641,34719,34728,34719,3
1496681364,35641,34719,34728,34719,3
1496681364,35641,34719,34728,34719,3
1496681364,35641,34719,34728,34719,3
1496682924,34713,34719,34728,34719,3
1496682924,34713,34719,34728,34719,3
1496782170,1767,8270,1934,8270,3
1496782170,1767,8270,1934,8270,3
1496782170,1767,8270,1934,8270,3
1496782170,1767,8270,1934,8270,3
1496782170,1767,8270,1934,8270,3
1496782170,1767,8270,1934,8270,3
1496782170,1767,8270,1934,8270,3
1496782170,1767,8270,1934,8270,3
1496782170,1767,8270,1934,8270,3
1496782170,1767,8270,1934,8270,3
1496782170,1767,8270,1934,8270,3
1496782170,1767,8270,1934,8270,3
1496782170,1767,8270,1934,8270,3
1496782170,1767,8270,1934,8270,3
1496782170,1767,8270,1934,8270,3
1496782170,1767,8270,1934,8270,3
1496782170,1767,8270,1934,8270,3
1496782170,1767,8270,1934,8270,3
1496782170,1767,8270,1934,8270,3
1496782170,1767,8270,1934,8270,3
1496782170,1767,8270,1934,8270,3
1496782170,1767,8270,1934,8270,3
1496782170,1767,8270,1934,8270,3
1496782170,1767,8270,1934,8270,3
1496782170,1767,8270,1934,8270,3
1496782170,1767,8270,1934,8270,3
1496782170,1767,8270,1934,8270,3
1496782170,1767,8270,1934,8270,3
1496782171,1767,8270,1934,8270,3
1496782171,1767,8270,1934,8270,3
1496782171,1767,8270,1934,8270,3
1496782171,1767,8270,1934,8270,3
1496782171,1767,8270,1934,8270,3
1496782171,1767,8270,1934,8270,3
1496782171,1767,8270,1934,8270,3
1496782171,1767,8270,1934,8270,3
1496782171,1767,8270,1934,8270,3
1496782171,1767,8270,1934,8270,3
1496782171,1767,8270,1934,8270,3
1496782171,1767,8270,1934,8270,3
1496782171,1767,8270,1934,8270,3
1496782171,1767,8270,1934,8270,3
1496782304,1767,8270,1934,8270,3
1496782304,1767,8270,1934,8270,3
1496782304,1767,8270,1934,8270,3
1496782304,1767,8270,1934,8270,3
1496782304,1767,8270,1934,8270,3
1496782304,1767,8270,1934,8270,3
1496782304,1767,8270,1934,8270,3
1496782304,1767,8270,1934,8270,3
1496782304,1767,8270,1934,8270,3
1496782304,1767,8270,1934,8270,3
1496782304,1767,8270,1934,8270,3
1496782304,1767,8270,1934,8270,3
1496782304,1767,8270,1934,8270,3
1496782304,1767,8270,1934,8270,3
1496782448,1767,8270,1934,8270,3
1496782448,1767,8270,1934,8270,3
1496782448,1767,8270,1934,8270,3
1496782448,1767,8270,1934,8270,3
1496782448,1767,8270,1934,8270,3
1496782448,1767,8270,1934,8270,3
1496782448,1767,8270,1934,8270,3
1497200792,8270,1765,4688,1765,3
1497200792,8270,1765,4688,1765,3
1497397895,43752,9044,43790,9044,1
1497397895,43752,9044,43790,9044,2
1497397895,43752,9044,43790,9044,2
1497527530,9044,43752,43782,43752,1
1497527530,9044,43752,43782,43752,2
1497527741,9044,43752,43782,43752,1
1497527741,9044,43752,43782,43752,2
1498068246,1786,1765,4688,1765,3
1498068246,1786,1765,4688,1765,3
1498068246,1786,1765,4688,1765,3
1498068246,1786,1765,4688,1765,3
1498068246,1786,1765,4688,1765,3
1498068246,1786,1765,4688,1765,3
1498068246,1786,1765,4688,1765,3
1498068246,1786,1765,4688,1765,3
1498068246,1786,1765,4688,1765,3
1498068246,1786,1765,4688,1765,3
1498068246,1786,1765,4688,1765,3
1498068246,1786,1765,4688,1765,3
1498068246,1786,1765,4688,1765,3
1498068246,1786,1765,4688,1765,3
1498068246,1786,1765,4688,1765,3
1498068246,1786,1765,4688,1765,3
1498068246,1786,1765,4688,1765,3
1498068246,1786,1765,4688,1765,3
1498068246,1786,1765,4688,1765,3
1498068246,1786,1765,4688,1765,3
1498068246,1786,1765,4688,1765,3
1498068246,1786,1765,4688,1765,3
1498068246,1786,1765,4688,1765,3
1498068246,1786,1765,4688,1765,3
1498068246,1786,1765,4688,1765,3
1498156712,1768,1773,1932,1773,3
1498156712,1768,1773,1932,1773,3
1498156712,1768,1773,1932,1773,3
1498156712,1768,1773,1932,1773,3
1498156712,1768,1773,1932,1773,3
1498156712,1768,1773,1932,1773,3
1498156712,1768,1773,1932,1773,3
1498156712,1768,1773,1932,1773,2
1498156712,1768,1773,1932,1773,2
1498156712,1768,1773,1932,1773,2
1498156712,1768,1773,1932,1773,2
1498156712,1768,1773,1932,1773,2
1498156712,1768,1773,1932,1773,2
1498156712,1768,1773,1932,1773,2
1498156712,1768,1773,1932,1773,3
1498156712,1768,1773,1932,1773,3
1498156712,1768,1773,1932,1773,3
1498156712,1768,1773,1932,1773,3
1498156712,1768,1773,1932,1773,3
1498156712,1768,1773,1932,1773,3
1498156712,1768,1773,1932,1773,3
1498156712,1768,1773,1932,1773,3
1498156712,1768,1773,1932,1773,3
1498156712,1768,1773,1932,1773,3
1498156712,1768,1773,1932,1773,3
1498156712,1768,1773,1932,1773,3
1498156712,1768,1773,1932,1773,3
1498156712,1768,1773,1932,1773,3
1498156712,1768,1773,1932,1773,3
1498156712,1768,1773,1932,1773,3
1498156712,1768,1773,1932,1773,3
1498156712,1768,1773,1932,1773,3
1498156712,1768,1773,1932,1773,3
1498156712,1768,1773,1932,1773,3
1498156712,1768,1773,1932,1773,3
1498156713,1768,1773,1932,1773,3
1498156713,1768,1773,1932,1773,3
1498156713,1768,1773,1932,1773,3
1498156713,1768,1773,1932,1773,3
1498156713,1768,1773,1932,1773,3
1498156713,1768,1773,1932,1773,3
1498156713,1768,1773,1932,1773,3
1498156713,1768,1773,1932,1773,2
1498156713,1768,1773,1932,1773,2
1498156713,1768,1773,1932,1773,2
1498156713,1768,1773,1932,1773,2
1498156713,1768,1773,1932,1773,2
1498156713,1768,1773,1932,1773,2
1498156713,1768,1773,1932,1773,2
1498156713,1768,1773,1932,1773,3
1498156713,1768,1773,1932,1773,3
1498156713,1768,1773,1932,1773,3
1498156713,1768,1773,1932,1773,3
1498156713,1768,1773,1932,1773,3
1498156713,1768,1773,1932,1773,3
1498156713,1768,1773,1932,1773,3
1498156713,1768,1773,1932,1773,3
1498156713,1768,1773,1932,1773,3
1498156713,1768,1773,1932,1773,3
1498156713,1768,1773,1932,1773,3
1498156713,1768,1773,1932,1773,3
1498156713,1768,1773,1932,1773,3
1498156713,1768,1773,1932,1773,3
1498156713,1768,1773,1932,1773,3
1498156713,1768,1773,1932,1773,3
1498156713,1768,1773,1932,1773,3
1498156713,1768,1773,1932,1773,3
1498156713,1768,1773,1932,1773,3
1498156713,1768,1773,1932,1773,3
1498156713,1768,1773,1932,1773,3
1498156714,1768,1773,1932,1773,3
1498156714,1768,1773,1932,1773,3
1498156714,1768,1773,1932,1773,3
1498156714,1768,1773,1932,1773,3
1498156714,1768,1773,1932,1773,3
1498156714,1768,1773,1932,1773,3
1498156714,1768,1773,1932,1773,3
1498156714,1768,1773,1932,1773,2
1498156714,1768,1773,1932,1773,2
1498156714,1768,1773,1932,1773,2
1498156714,1768,1773,1932,1773,2
1498156714,1768,1773,1932,1773,2
1498156714,1768,1773,1932,1773,2
1498156714,1768,1773,1932,1773,2
1498156714,1768,1773,1932,1773,3
1498156714,1768,1773,1932,1773,3
1498156714,1768,1773,1932,1773,3
1498156714,1768,1773,1932,1773,3
1498156714,1768,1773,1932,1773,3
1498156714,1768,1773,1932,1773,3
1498156714,1768,1773,1932,1773,3
1498156714,1768,1773,1932,1773,3
1498156714,1768,1773,1932,1773,3
1498156714,1768,1773,1932,1773,3
1498156714,1768,1773,1932,1773,3
1498156714,1768,1773,1932,1773,3
1498156714,1768,1773,1932,1773,3
1498156714,1768,1773,1932,1773,3
1498156714,1768,1773,1932,1773,3
1498156714,1768,1773,1932,1773,3
1498156714,1768,1773,1932,1773,3
1498156714,1768,1773,1932,1773,3
1498156714,1768,1773,1932,1773,3
1498156714,1768,1773,1932,1773,3
1498156714,1768,1773,1932,1773,3
1498156714,1768,1773,1932,1773,3
1498156714,1768,1773,1932,1773,3
1498156714,1768,1773,1932,1773,3
1498156714,1768,1773,1932,1773,3
1498156714,1768,1773,1932,1773,3
1498156714,1768,1773,1932,1773,3
1498156714,1768,1773,1932,1773,3
1498156714,1768,1773,1932,1773,2
1498156714,1768,1773,1932,1773,2
1498156714,1768,1773,1932,1773,2
1498156714,1768,1773,1932,1773,2
1498156714,1768,1773,1932,1773,2
1498156714,1768,1773,1932,1773,2
1498156714,1768,1773,1932,1773,2
1498156714,1768,1773,1932,1773,3
1498156714,1768,1773,1932,1773,3
1498156714,1768,1773,1932,1773,3
1498156714,1768,1773,1932,1773,3
1498156714,1768,1773,1932,1773,3
1498156714,1768,1773,1932,1773,3
1498156714,1768,1773,1932,1773,3
1498156714,1768,1773,1932,1773,3
1498156714,1768,1773,1932,1773,3
1498156714,1768,1773,1932,1773,3
1498156714,1768,1773,1932,1773,3
1498156714,1768,1773,1932,1773,3
1498156714,1768,1773,1932,1773,3
1498156714,1768,1773,1932,1773,3
1498156714,1768,1773,1932,1773,3
1498156714,1768,1773,1932,1773,3
1498156714,1768,1773,1932,1773,3
1498156714,1768,1773,1932,1773,3
1498156714,1768,1773,1932,1773,3
1498156714,1768,1773,1932,1773,3
1498156714,1768,1773,1932,1773,3
1498158573,1886,1773,1932,1773,3
1498158573,1886,1773,1932,1773,3
1498158573,1886,1773,1932,1773,3
1498158573,1886,1773,1932,1773,2
1498158573,1886,1773,1932,1773,2
1498158573,1886,1773,1932,1773,2
1498158573,1886,1773,1932,1773,3
1498158573,1886,1773,1932,1773,3
1498158573,1886,1773,1932,1773,3
1498158573,1886,1773,1932,1773,3
1498158573,1886,1773,1932,1773,3
1498158573,1886,1773,1932,1773,3
1498158573,1886,1773,1932,1773,3
1498158573,1886,1773,1932,1773,3
1498158573,1886,1773,1932,1773,3
1498158708,1886,1773,1932,1773,3
1498158708,1886,1773,1932,1773,3
1498158708,1886,1773,1932,1773,3
1498158708,1886,1773,1932,1773,2
1498158708,1886,1773,1932,1773,2
1498158708,1886,1773,1932,1773,2
1498158708,1886,1773,1932,1773,3
1498158708,1886,1773,1932,1773,3
1498158708,1886,1773,1932,1773,3
1498158708,1886,1773,1932,1773,3
1498158708,1886,1773,1932,1773,3
1498158708,1886,1773,1932,1773,3
1498158708,1886,1773,1932,1773,3
1498158708,1886,1773,1932,1773,3
1498158708,1886,1773,1932,1773,3
1498265983,1886,1773,45564,1773,3
1498265983,1886,1773,45564,1773,3
1498265983,1886,1773,45564,1773,3
1498265983,1886,1773,45564,1773,3
1498308581,2078,7514,7519,7514,3
1498308581,2078,7514,7519,7514,3
1498308581,2078,7514,7519,7514,3
1498308581,2078,7514,7519,7514,3
1498308581,2078,7514,7519,7514,3
1498308581,2078,7514,7519,7514,3
1498308581,2078,7514,7519,7514,3
1498308581,2078,7514,7519,7514,3
1498308581,2078,7514,7519,7514,3
1498308581,2078,7514,7519,7514,3
1498308581,2078,7514,7519,7514,3
1498308581,2078,7514,7519,7514,3
1498308581,2078,7514,7519,7514,3
1498308581,2078,7514,7519,7514,3
1498308581,2078,7514,7519,7514,3
1498308581,2078,7514,7519,7514,3
1498308581,2078,7514,7519,7514,3
1498308581,2078,7514,7519,7514,3
1498308581,2078,7514,7519,7514,3
1498308581,2078,7514,7519,7514,3
1498308581,2078,7514,7519,7514,3
1498308581,2078,7514,7519,7514,3
1498308581,2078,7514,7519,7514,3
1498308581,2078,7514,7519,7514,3
1498308581,2078,7514,7519,7514,3
1498308581,2078,7514,7519,7514,3
1498308581,2078,7514,7519,7514,3
1498308581,2078,7514,7519,7514,3
1498308581,2078,7514,7519,7514,3
1498308581,2078,7514,7519,7514,3
1498308581,2078,7514,7519,7514,3
1498308581,2078,7514,7519,7514,3
1498308581,2078,7514,7519,7514,3
1498308581,2078,7514,7519,7514,3
1498308581,2078,7514,7519,7514,3
1498308581,2078,7514,7519,7514,3
1498309510,2078,7514,7519,7514,3
1498309510,2078,7514,7519,7514,3
1498309510,2078,7514,7519,7514,3
1498309510,2078,7514,7519,7514,3
1498309510,2078,7514,7519,7514,3
1498309510,2078,7514,7519,7514,3
1498309510,2078,7514,7519,7514,3
1498309510,2078,7514,7519,7514,3
1498415672,43752,9044,43766,9044,3
1498415672,43752,9044,43766,9044,2
1498415673,43752,9044,43766,9044,3
1498415673,43752,9044,43766,9044,2
1498499485,2078,7514,7519,7514,3
1498499485,2078,7514,7519,7514,3
1498499485,2078,7514,7519,7514,3
1498499485,2078,7514,7519,7514,3
1498499485,2078,7514,7519,7514,3
1498499485,2078,7514,7519,7514,3
1498499485,2078,7514,7519,7514,3
1498499485,2078,7514,7519,7514,3
1498499485,2078,7514,7519,7514,3
1498499485,2078,7514,7519,7514,3
1498499485,2078,7514,7519,7514,3
1498499485,2078,7514,7519,7514,3
1498595493,2017,7514,1896,7514,3
1498595493,2017,7514,1896,7514,3
1498638428,2017,7514,1896,7514,3
1498638428,2017,7514,1896,7514,3
1498638428,2017,7514,1896,7514,3
1498764749,43752,9044,52684,9044,2
1498764749,43752,9044,52684,9044,2
1498764749,43752,9044,52684,9044,1
1498764749,43752,9044,52684,9044,2
1498764749,43752,9044,52684,9044,2
1498764749,43752,9044,52684,9044,2
1498764749,43752,9044,52684,9044,1
1498764749,43752,9044,52684,9044,2
1498847679,43752,9044,43820,9044,2
1498847679,43752,9044,43820,9044,2
1499093234,8042,7955,8038,7955,3
1499093234,8042,7955,8038,7955,3
1499093234,8042,7955,8038,7955,3
1499093234,8042,7955,8038,7955,3
1499093238,8042,7955,8038,7955,3
1499093238,8042,7955,8038,7955,3
1499093238,8042,7955,8038,7955,3
1499093238,8042,7955,8038,7955,3
1499527450,2053,7954,45581,7954,3
1499527451,2053,7954,45581,7954,3
1499527563,7954,2053,45116,2053,3
1499527563,7954,2053,45116,2053,3
1499527563,7954,2053,45116,2053,3
1499527563,7954,2053,45116,2053,3
1499527563,7954,2053,45116,2053,3
1499527563,7954,2053,45116,2053,3
1499527563,7954,2053,45116,2053,3
1499527563,7954,2053,45116,2053,3
1499527565,7954,2053,45116,2053,3
1499527565,7954,2053,45116,2053,3
1499527565,7954,2053,45116,2053,3
1499527565,7954,2053,45116,2053,3
1499804623,8270,1765,4688,1765,3
1499804623,8270,1765,4688,1765,3
1499804623,8270,1765,4688,1765,3
1499804623,8270,1765,4688,1765,3
1499804623,8270,1765,4688,1765,3
1499804623,8270,1765,4688,1765,3
1499804623,8270,1765,4688,1765,3
1499804623,8270,1765,4688,1765,3
1499806414,2078,7514,1896,7514,3
1499808222,8270,1765,4688,1765,3
1499858430,68,69,71,68,3
1499858430,68,69,71,68,3
1499858430,68,69,71,68,3
1499858430,68,69,71,68,3
1499858498,68,69,71,68,3
1499858498,68,69,71,68,3
1499858498,68,69,71,68,3
1499858498,68,69,71,68,3
1500113725,8270,1765,4697,1765,3
1500113725,8270,1765,4697,1765,3
1500113725,8270,1765,4697,1765,3
1500113792,8270,1765,4697,1765,3
1500113792,8270,1765,4697,1765,3
1500113792,8270,1765,4697,1765,3
1500376977,8520,8520,8523,8520,3
1501021804,8270,1765,4688,1765,3
1501021809,8270,1765,4688,1765,3
1502201869,8090,11,7786,11,3
1502201869,8090,11,7786,11,3
1502201869,8090,11,7786,11,3
1502201869,8090,11,7786,11,3
1502201870,8090,11,7786,11,3
1502201870,8090,11,7786,11,3
1502201870,8090,11,7786,11,3
1502201870,8090,11,7786,11,3
1502222500,7955,7806,1896,7806,3
1502222500,7955,7806,1896,7806,3
1502453758,1786,1765,4688,1765,3
1502453758,1786,1765,4688,1765,3
1502896920,68,69,9311,69,3
1502896920,68,69,9311,69,3
1502896920,68,69,9311,69,3
1502896920,68,69,9311,69,3
1502896920,68,69,9311,69,3
1502896920,68,69,9311,69,3
1503657610,2078,8520,1896,8520,3
1503934218,1857,7955,8065,7955,3
1503934218,1857,7955,8065,7955,3
1503934218,1857,7955,8065,7955,3
1503934218,1857,7955,8065,7955,3
1503934219,1857,7955,8065,7955,3
1503934219,1857,7955,8065,7955,3
1503934219,1857,7955,8065,7955,3
1503934219,1857,7955,8065,7955,3
1503953949,1786,1765,4688,1765,3
1503953949,1786,1765,4688,1765,3
1503953949,1786,1765,4688,1765,3
1503953949,1786,1765,4688,1765,3
1503953949,1786,1765,4688,1765,3
1503953949,1786,1765,4688,1765,3
1504885520,1848,1765,4688,1765,3
1504885520,1848,1765,4688,1765,3
1504885520,1848,1765,4688,1765,3
1504885520,1848,1765,4688,1765,3
1504885520,1848,1765,4688,1765,3
1504885520,1848,1765,4688,1765,3
1504885520,1848,1765,4688,1765,3
1504885520,1848,1765,4688,1765,3
1504885520,1848,1765,4688,1765,3
1504885520,1848,1765,4688,1765,3
1504885520,1848,1765,4688,1765,3
1504885520,1848,1765,4688,1765,3
1504885520,1848,1765,4688,1765,3
1504885520,1848,1765,4688,1765,3
1504885520,1848,1765,4688,1765,3
1504885520,1848,1765,4688,1765,3
1504885520,1848,1765,4688,1765,3
1504885520,1848,1765,4688,1765,3
1504885520,1848,1765,4688,1765,3
1504885520,1848,1765,4688,1765,3
1504885520,1848,1765,4688,1765,3
1504885520,1848,1765,4688,1765,3
1504885520,1848,1765,4688,1765,3
1504885520,1848,1765,4688,1765,3
1504885520,1848,1765,4688,1765,3
1504885520,1848,1765,4688,1765,3
1504885520,1848,1765,4688,1765,3
1504885520,1848,1765,4688,1765,3
1504885520,1848,1765,4688,1765,3
1504885520,1848,1765,4688,1765,3
1504885520,1848,1765,4688,1765,3
1504885520,1848,1765,4688,1765,3
1504885520,1848,1765,4688,1765,3
1504885520,1848,1765,4688,1765,3
1504885520,1848,1765,4688,1765,3
1504885520,1848,1765,4688,1765,3
1504885520,1848,1765,4688,1765,3
1504885520,1848,1765,4688,1765,3
1504885520,1848,1765,4688,1765,3
1504885520,1848,1765,4688,1765,3
1504885520,1848,1765,4688,1765,3
1504885520,1848,1765,4688,1765,3
1504905649,8270,1765,4688,1765,3
1504905649,8270,1765,4688,1765,3
1504905649,8270,1765,4688,1765,3
1504905649,8270,1765,4688,1765,3
1504905649,8270,1765,4688,1765,3
1504905649,8270,1765,4688,1765,3
1504905649,8270,1765,4688,1765,3
1504905649,8270,1765,4688,1765,3
1504905649,8270,1765,4688,1765,3
1504905649,8270,1765,4688,1765,3
1504905649,8270,1765,4688,1765,3
1504905649,8270,1765,4688,1765,3
1504905962,8270,1765,4688,1765,3
1504905962,8270,1765,4688,1765,3
1504905962,8270,1765,4688,1765,3
1504905962,8270,1765,4688,1765,3
1504905962,8270,1765,4688,1765,3
1504905962,8270,1765,4688,1765,3
1504905962,8270,1765,4688,1765,3
1504905962,8270,1765,4688,1765,3
1504905962,8270,1765,4688,1765,3
1504905962,8270,1765,4688,1765,3
1504905962,8270,1765,4688,1765,3
1504905962,8270,1765,4688,1765,3
1504994451,8270,1765,4688,1765,3
1504994451,8270,1765,4688,1765,3
1504994451,8270,1765,4688,1765,3
1504994451,8270,1765,4688,1765,3
1504994451,8270,1765,4688,1765,3
1504994451,8270,1765,4688,1765,3
1504994451,8270,1765,4688,1765,3
1504994451,8270,1765,4688,1765,3
1504994451,8270,1765,4688,1765,3
1504994451,8270,1765,4688,1765,3
1504994451,8270,1765,4688,1765,3
1504994451,8270,1765,4688,1765,3
1504994451,8270,1765,4688,1765,3
1504994451,8270,1765,4688,1765,3
1504994451,8270,1765,4688,1765,3
1504994451,8270,1765,4688,1765,3
1504994451,8270,1765,4688,1765,3
1504994451,8270,1765,4688,1765,3
1504994451,8270,1765,4688,1765,3
1504994451,8270,1765,4688,1765,3
1504994451,8270,1765,4688,1765,3
1504994451,8270,1765,4688,1765,3
1504994451,8270,1765,4688,1765,3
1504994451,8270,1765,4688,1765,3
1504994451,8270,1765,4688,1765,3
1504994451,8270,1765,4688,1765,3
1504994451,8270,1765,4688,1765,3
1504994451,8270,1765,4688,1765,3
1504994451,8270,1765,4688,1765,3
1504994451,8270,1765,4688,1765,3
1504994451,8270,1765,4688,1765,3
1504994451,8270,1765,4688,1765,3
1504994451,8270,1765,4688,1765,3
1504994451,8270,1765,4688,1765,3
1504994451,8270,1765,4688,1765,3
1504994451,8270,1765,4688,1765,3
1504994451,8270,1765,4688,1765,3
1504994451,8270,1765,4688,1765,3
1504994451,8270,1765,4688,1765,3
1504994451,8270,1765,4688,1765,3
1504994451,8270,1765,4688,1765,3
1504994451,8270,1765,4688,1765,3
1504994451,8270,1765,4688,1765,3
1504994451,8270,1765,4688,1765,3
1504994451,8270,1765,4688,1765,3
1504994451,8270,1765,4688,1765,3
1504994451,8270,1765,4688,1765,3
1504994451,8270,1765,4688,1765,3
1504994451,8270,1765,4688,1765,3
1504994451,8270,1765,4688,1765,3
1504994451,8270,1765,4688,1765,3
1504994451,8270,1765,4688,1765,3
1504994451,8270,1765,4688,1765,3
1504994451,8270,1765,4688,1765,3
1504994451,8270,1765,4688,1765,3
1504994451,8270,1765,4688,1765,3
1504994451,8270,1765,4688,1765,3
1504994451,8270,1765,4688,1765,3
1504994451,8270,1765,4688,1765,3
1504994451,8270,1765,4688,1765,3
1504994451,8270,1765,4688,1765,3
1504994451,8270,1765,4688,1765,3
1504994451,8270,1765,4688,1765,3
1504994451,8270,1765,4688,1765,3
1504994451,8270,1765,4688,1765,3
1504994451,8270,1765,4688,1765,3
1504994451,8270,1765,4688,1765,3
1504994451,8270,1765,4688,1765,3
1504994451,8270,1765,4688,1765,3
1504994451,8270,1765,4688,1765,3
1505052074,1786,1765,4688,1765,3
1505052074,1786,1765,4688,1765,3
1505052074,1786,1765,4688,1765,3
1505052074,1786,1765,4688,1765,3
1505052074,1786,1765,4688,1765,3
1505052074,1786,1765,4688,1765,3
1505052074,1786,1765,4688,1765,3
1505052074,1786,1765,4688,1765,3
1505052074,1786,1765,4688,1765,3
1505052074,1786,1765,4688,1765,3
1505052074,1786,1765,4688,1765,3
1505052074,1786,1765,4688,1765,3
1505052074,1786,1765,4688,1765,3
1505052074,1786,1765,4688,1765,3
1505052074,1786,1765,4688,1765,3
1505052074,1786,1765,4688,1765,3
1505052074,1786,1765,4688,1765,3
1505052074,1786,1765,4688,1765,3
1505052074,1786,1765,4688,1765,3
1505052074,1786,1765,4688,1765,3
1505052074,1786,1765,4688,1765,3
1505052074,1786,1765,4688,1765,3
1505052074,1786,1765,4688,1765,3
1505052074,1786,1765,4688,1765,3
1505052074,1786,1765,4688,1765,3
1505052074,1786,1765,4688,1765,3
1505052074,1786,1765,4688,1765,3
1505052074,1786,1765,4688,1765,3
1505052074,1786,1765,4688,1765,3
1505052074,1786,1765,4688,1765,3
1505052074,1786,1765,4688,1765,3
1505052074,1786,1765,4688,1765,3
1505052074,1786,1765,4688,1765,3
1505742780,8103,7806,8102,7806,3
1505742780,8103,7806,8102,7806,3
1505742780,8103,7806,8102,7806,3
1505742780,8103,7806,8102,7806,3
1505742780,8103,7806,8102,7806,3
1505742780,8103,7806,8102,7806,3
1505742780,8103,7806,8102,7806,3
1505742780,8103,7806,8102,7806,3
1505742780,8103,7806,8102,7806,3
1505742780,8103,7806,8102,7806,3
1506009346,69,68,70,68,2
1506009346,69,68,70,68,2
1506009346,69,68,70,68,2
1506009346,69,68,70,68,2
1506014718,7806,7955,8074,7955,3
1506014718,7806,7955,8035,7955,3
1506014718,7806,7955,8035,7955,3
1506014718,7806,7955,8035,7955,3
1506014718,7806,7955,8074,7955,3
1506014718,7806,7955,8035,7955,3
1506014718,7806,7955,8035,7955,3
1506014718,7806,7955,8035,7955,3
1506014722,7806,7955,8074,7955,3
1506014722,7806,7955,8035,7955,3
1506014722,7806,7955,8035,7955,3
1506014722,7806,7955,8035,7955,3
1506020243,7974,7955,8034,7955,3
1506020243,7974,7955,8034,7955,3
1506020243,7974,7955,8034,7955,3
1506020462,7974,7955,8034,7955,3
1506020462,7974,7955,8034,7955,3
1506020462,7974,7955,8034,7955,3
1506020462,7974,7955,8034,7955,3
1506020462,7974,7955,8034,7955,3
1506020462,7974,7955,8034,7955,3
1506943221,8270,1765,4697,1765,3
1506943222,8270,1765,4697,1765,3
1506943223,8270,1765,4697,1765,3
1507536819,1786,1765,4745,1765,3
1508269089,69,68,71,68,3
1508269089,69,68,71,68,3
1508269089,69,68,71,68,3
1508269089,69,68,71,68,3
1508269089,69,68,71,68,3
1508269089,69,68,71,68,3
1508269089,69,68,71,68,3
1508269089,69,68,71,68,3
1508269281,69,68,71,68,3
1508269281,69,68,71,68,3
1508269281,69,68,71,68,3
1508269281,69,68,71,68,3
1508269583,69,68,71,68,3
1508269583,69,68,71,68,3
1508269583,69,68,71,68,3
1508269583,69,68,71,68,3
1508413660,8270,1765,1776,1765,3
1508413660,8270,1765,1776,1765,3
1508413660,8270,1765,1776,1765,3
1508614741,1909,1765,4692,1765,3
1508614741,1909,1765,4692,1765,3
1508614741,1909,1765,4692,1765,3
1508614741,1909,1765,4692,1765,3
1508614741,1909,1765,4692,1765,3
1508614741,1909,1765,4692,1765,3
1508614741,1909,1765,4692,1765,3
1508614741,1909,1765,4692,1765,3
1508614741,1909,1765,4692,1765,3
1508614741,1909,1765,4692,1765,3
1508614741,1909,1765,4692,1765,3
1508614741,1909,1765,4692,1765,3
1508614741,1909,1765,4692,1765,3
1508614741,1909,1765,4692,1765,3
1508614741,1909,1765,4692,1765,3
1508614741,1909,1765,4692,1765,3
1508614741,1909,1765,4692,1765,3
1508614741,1909,1765,4692,1765,3
1508614741,1909,1765,4692,1765,3
1508614741,1909,1765,4692,1765,3
1508614741,1909,1765,4692,1765,3
1508614741,1909,1765,4692,1765,3
1508614741,1909,1765,4692,1765,3
1508614741,1909,1765,4692,1765,3
1508667156,1775,1765,4688,1765,3
1508667156,1775,1765,4688,1765,3
1508667156,1775,1765,4688,1765,3
1508667156,1775,1765,4688,1765,3
1508667156,1775,1765,4688,1765,3
1508667156,1775,1765,4688,1765,3
1508667156,1775,1765,4688,1765,3
1508667156,1775,1765,4688,1765,3
1508667156,1775,1765,4688,1765,3
1508667156,1775,1765,4688,1765,3
1508667156,1775,1765,4688,1765,3
1508667156,1775,1765,4688,1765,3
1508667156,1775,1765,4688,1765,3
1508667156,1775,1765,4688,1765,3
1508667156,1775,1765,4688,1765,3
1508667156,1775,1765,4688,1765,3
1508667156,1775,1765,4688,1765,3
1508667156,1775,1765,4688,1765,3
1508667156,1775,1765,4688,1765,3
1508667156,1775,1765,4688,1765,3
1508667156,1775,1765,4688,1765,3
1508667156,1775,1765,4688,1765,3
1508667156,1775,1765,4688,1765,3
1508667156,1775,1765,4688,1765,3
1508792347,1786,1765,8333,1765,3
1508862863,69,68,115,68,3
1508862863,69,68,115,68,3
1508862863,69,68,115,68,3
1508862863,69,68,115,68,3
1508862863,69,68,115,68,3
1508862863,69,68,115,68,3
1508862863,69,68,115,68,3
1508862863,69,68,115,68,3
1508862863,69,68,115,68,3
1510741632,11,11,7769,11,3
1510741632,11,11,7769,11,3
1510741632,11,11,7769,11,3
1510741632,11,11,7769,11,3
1510741669,11,11,7769,11,3
1510741669,11,11,7769,11,3
1510741669,11,11,7769,11,3
1510741669,11,11,7769,11,3
1510840164,44610,9329,44641,9329,3
1510840164,44610,9329,44641,9329,3
1510840164,44610,9329,44641,9329,3
1510840164,44610,9329,44641,9329,3
1510840164,44610,9329,44641,9329,3
1510840164,44610,9329,44641,9329,3
1510840164,44610,9329,44641,9329,3
1510840164,44610,9329,44641,9329,3
1510840164,44610,9329,44641,9329,3
1510840164,44610,9329,44641,9329,3
1510840164,44610,9329,44641,9329,3
1510840164,44610,9329,44641,9329,3
1510840166,44610,9329,44641,9329,3
1510840166,44610,9329,44641,9329,3
1510840166,44610,9329,44641,9329,3
1510840166,44610,9329,44641,9329,3
1510840166,44610,9329,44641,9329,3
1510840166,44610,9329,44641,9329,3
1510840166,44610,9329,44641,9329,3
1510840166,44610,9329,44641,9329,3
1510840166,44610,9329,44641,9329,3
1510840166,44610,9329,44641,9329,3
1510840166,44610,9329,44641,9329,3
1510840166,44610,9329,44641,9329,3
1510949358,69,68,71,68,3
1511430579,1786,1765,8202,1765,3
1511430579,1786,1765,8202,1765,3
1511430579,1786,1765,8202,1765,3
1511430579,1786,1765,8202,1765,3
1511546789,69,68,70,68,3
1511546789,69,68,70,68,3
1511546789,69,68,70,68,3
1511546789,69,68,70,68,3
1511546813,69,68,70,68,3
1511546813,69,68,70,68,3
1511546813,69,68,70,68,3
1511546813,69,68,70,68,3
1511546816,69,68,70,68,3
1511546816,69,68,70,68,3
1511546816,69,68,70,68,3
1511546816,69,68,70,68,3
1511965652,7806,11,7795,11,3
1511965652,7806,11,7795,11,3
1511965652,7806,11,7795,11,3
1511965652,7806,11,7795,11,3
1511965652,7806,11,7795,11,3
1511965652,7806,11,7795,11,3
1511965652,7806,11,7795,11,3
1511965652,7806,11,7795,11,3
1511965652,7806,11,7795,11,3
1511965652,7806,11,7795,11,3
1511965652,7806,11,7795,11,3
1511965652,7806,11,7795,11,3
1511965652,7806,11,7795,11,3
1511965652,7806,11,7795,11,3
1511965652,7806,11,7795,11,3
1511982343,7806,11,7638,11,3
1511982343,7806,11,7638,11,3
1511982343,7806,11,7638,11,3
1511982343,7806,11,7638,11,3
1511982343,7806,11,7638,11,3
1511982343,7806,11,7638,11,3
1511982343,7806,11,7638,11,3
1511982343,7806,11,7638,11,3
1511982460,7806,11,7638,11,3
1511982460,7806,11,7638,11,3
1511982460,7806,11,7638,11,3
1511982460,7806,11,7638,11,3
1511982460,7806,11,7638,11,3
1511982460,7806,11,7638,11,3
1511982460,7806,11,7638,11,3
1511982460,7806,11,7638,11,3
1512379549,1786,1765,4743,1765,3
1512379677,1786,1765,4743,1765,3
1513373861,7811,11,7638,11,3
1513373861,7811,11,7638,11,3
1513373861,7811,11,7777,11,3
1513373861,7811,11,7777,11,3
1513373861,7811,11,7777,11,3
1513373861,7811,11,7777,11,3
1513373861,7811,11,7777,11,3
1513373861,7811,11,7777,11,3
1513373861,7811,11,7777,11,3
1513373861,7811,11,7777,11,3
1513373861,7811,11,7777,11,3
1513373861,7811,11,7777,11,3
1513847015,7811,11,7637,11,3
1513847015,7811,11,7637,11,3
1513847015,7811,11,7637,11,3
1513847015,7811,11,7637,11,3
1513847015,7811,11,7637,11,3
1513847015,7811,11,7637,11,3
1513849164,7811,11,7637,11,3
1513849164,7811,11,7637,11,3
1513849165,7811,11,7637,11,3
1515519109,44610,9329,118,9329,2
1515519109,44610,9329,118,9329,2
1515519109,44610,9329,118,9329,2
1515519109,44610,9329,118,9329,1
1515519109,44610,9329,118,9329,1
1515519109,44610,9329,118,9329,2
1515519109,44610,9329,118,9329,2
1515519109,44610,9329,118,9329,2
1515519109,44610,9329,118,9329,1
1515519109,44610,9329,118,9329,1
1515519109,44610,9329,118,9329,2
1515519109,44610,9329,118,9329,2
1515519109,44610,9329,118,9329,2
1515519109,44610,9329,118,9329,1
1515519109,44610,9329,118,9329,1
1515519111,44610,9329,118,9329,2
1515519111,44610,9329,118,9329,2
1515519111,44610,9329,118,9329,2
1515519111,44610,9329,118,9329,1
1515519111,44610,9329,118,9329,1
1515519111,44610,9329,118,9329,2
1515519111,44610,9329,118,9329,2
1515519111,44610,9329,118,9329,2
1515519111,44610,9329,118,9329,1
1515519111,44610,9329,118,9329,1
1515519111,44610,9329,118,9329,2
1515519111,44610,9329,118,9329,2
1515519111,44610,9329,118,9329,2
1515519111,44610,9329,118,9329,1
1515519111,44610,9329,118,9329,1
1515772439,44610,9329,44568,9329,3
1515772439,44610,9329,44568,9329,3
1515772439,44610,9329,44568,9329,3
1515772439,44610,9329,44568,9329,3
1515772439,44610,9329,44568,9329,3
1515772439,44610,9329,44568,9329,3
1515772439,44610,9329,44568,9329,3
1515772439,44610,9329,44568,9329,3
1515772439,44610,9329,44568,9329,3
1515772439,44610,9329,44568,9329,3
1515772439,44610,9329,44568,9329,3
1515772439,44610,9329,44568,9329,3
1515772442,44610,9329,44568,9329,3
1515772442,44610,9329,44568,9329,3
1515772442,44610,9329,44568,9329,3
1515772442,44610,9329,44568,9329,3
1515772442,44610,9329,44568,9329,3
1515772442,44610,9329,44568,9329,3
1515772442,44610,9329,44568,9329,3
1515772442,44610,9329,44568,9329,3
1515772442,44610,9329,44568,9329,3
1515772442,44610,9329,44568,9329,3
1515772442,44610,9329,44568,9329,3
1515772442,44610,9329,44568,9329,3
1515857862,1773,8270,1934,8270,3
1515857862,1773,8270,1934,8270,3
1515857862,1773,8270,1934,8270,3
1515857862,1773,8270,1934,8270,3
1515857862,1773,8270,1934,8270,3
1515857862,1773,8270,1934,8270,3
1515857862,1773,8270,1934,8270,3
1515857862,1773,8270,1934,8270,3
1515857862,1773,8270,1934,8270,3
1515857862,1773,8270,1934,8270,3
1515857862,1773,8270,1934,8270,3
1515857862,1773,8270,1934,8270,3
1515857862,1773,8270,1934,8270,3
1515857862,1773,8270,1934,8270,3
1515857862,1773,8270,1934,8270,3
1515857862,1773,8270,1934,8270,3
1515857862,1773,8270,1934,8270,3
1515857862,1773,8270,1934,8270,3
1515857862,1773,8270,1934,8270,3
1515857862,1773,8270,1934,8270,3
1515857862,1773,8270,1934,8270,3
1515857862,1773,8270,1934,8270,3
1515857862,1773,8270,1934,8270,3
1515857862,1773,8270,1934,8270,3
1515857862,1773,8270,1934,8270,3
1515857862,1773,8270,1934,8270,3
1515857862,1773,8270,1934,8270,3
1515857862,1773,8270,1934,8270,3
1515857862,1773,8270,1934,8270,3
1515857862,1773,8270,1934,8270,3
1515857862,1773,8270,1934,8270,3
1515857862,1773,8270,1934,8270,3
1515857862,1773,8270,1934,8270,3
1515857862,1773,8270,1934,8270,3
1515857862,1773,8270,1934,8270,3
1515857862,1773,8270,1934,8270,3
1515858097,1773,8270,1934,8270,3
1515858097,1773,8270,1934,8270,3
1515858097,1773,8270,1934,8270,3
1515858097,1773,8270,1934,8270,3
1515858097,1773,8270,1934,8270,3
1515858097,1773,8270,1934,8270,3
1515858097,1773,8270,1934,8270,3
1515858097,1773,8270,1934,8270,3
1515858097,1773,8270,1934,8270,3
1515858097,1773,8270,1934,8270,3
1515858097,1773,8270,1934,8270,3
1515858097,1773,8270,1934,8270,3
1515858097,1773,8270,1934,8270,3
1515858097,1773,8270,1934,8270,3
1515858097,1773,8270,1934,8270,3
1515858097,1773,8270,1934,8270,3
1515858097,1773,8270,1934,8270,3
1515858097,1773,8270,1934,8270,3
1515858097,1773,8270,1934,8270,3
1515858097,1773,8270,1934,8270,3
1515858097,1773,8270,1934,8270,3
1515858097,1773,8270,1934,8270,3
1515858097,1773,8270,1934,8270,3
1515858097,1773,8270,1934,8270,3
1515858097,1773,8270,1934,8270,3
1515858097,1773,8270,1934,8270,3
1515858097,1773,8270,1934,8270,3
1515858097,1773,8270,1934,8270,3
1515858097,1773,8270,1934,8270,3
1515858097,1773,8270,1934,8270,3
1515858097,1773,8270,1934,8270,3
1515858097,1773,8270,1934,8270,3
1515858097,1773,8270,1934,8270,3
1515858097,1773,8270,1934,8270,3
1515858097,1773,8270,1934,8270,3
1515858097,1773,8270,1934,8270,3
1515858097,1773,8270,1934,8270,3
1515858097,1773,8270,1934,8270,3
1515858097,1773,8270,1934,8270,3
1515858097,1773,8270,1934,8270,3
1515858097,1773,8270,1934,8270,3
1515858097,1773,8270,1934,8270,3
1515858097,1773,8270,1934,8270,3
1515858097,1773,8270,1934,8270,3
1515858097,1773,8270,1934,8270,3
1515858097,1773,8270,1934,8270,3
1515858097,1773,8270,1934,8270,3
1515858097,1773,8270,1934,8270,3
1515858097,1773,8270,1934,8270,3
1515858097,1773,8270,1934,8270,3
1515858097,1773,8270,1934,8270,3
1515858097,1773,8270,1934,8270,3
1515858097,1773,8270,1934,8270,3
1515858097,1773,8270,1934,8270,3
1525874216,2017,7514,7570,7514,3
1525874216,2017,7514,7570,7514,3
1525874216,2017,7514,7570,7514,3
1525874216,2017,7514,7570,7514,3
1525874216,2017,7514,7570,7514,3
1525874216,2017,7514,7570,7514,3
1525874216,2017,7514,7570,7514,3
1525874216,2017,7514,7570,7514,3
1525944842,2017,7514,1896,7514,3
1525944842,2017,7514,1896,7514,3
1527702427,1786,1765,1776,1765,3
1527702427,1786,1765,1776,1765,3
1527702427,1786,1765,1776,1765,3
1527702427,1786,1765,1776,1765,3
1527703422,1786,1765,1776,1765,3
1527703551,1786,1765,1776,1765,3
1528658538,1765,8270,9210,8270,3
1528658538,1765,8270,9210,8270,3
1528658538,1765,8270,9210,8270,3
1528658538,1765,8270,9210,8270,3
1528658538,1765,8270,9210,8270,3
1528658538,1765,8270,9210,8270,3
1528658538,1765,8270,9210,8270,3
1528658538,1765,8270,9210,8270,3
1528658538,1765,8270,9210,8270,3
1528658538,1765,8270,9210,8270,3
1528658538,1765,8270,9210,8270,3
1528658538,1765,8270,9210,8270,3
1528658538,1765,8270,9210,8270,3
1528658538,1765,8270,9210,8270,3
1528658538,1765,8270,9210,8270,3
1528658538,1765,8270,9210,8270,3
1528658538,1765,8270,9210,8270,3
1528658538,1765,8270,9210,8270,3
1530481337,69,68,73,68,3
1530481337,69,68,73,68,3
1530481337,69,68,73,68,3
1530481337,69,68,73,68,3
1530481337,69,68,73,68,3
1530481337,69,68,73,68,3
1530481337,69,68,73,68,3
1530481337,69,68,73,68,3
1530481337,69,68,73,68,3
1530481337,69,68,73,68,3
1530481337,69,68,73,68,3
1530481337,69,68,73,68,3
1530655450,11,7656,8165,7656,3
1530655450,11,7656,8165,7656,3
1530655450,11,7656,8165,7656,3
1530655450,11,7656,8165,7656,3
1530655450,11,7656,8165,7656,3
1530655450,11,7656,8165,7656,3
1530655450,11,7656,8165,7656,3
1530655450,11,7656,8165,7656,3
1530655450,11,7656,8165,7656,3
1530655450,11,7656,8165,7656,3
1530655450,11,7656,8165,7656,3
1530655450,11,7656,8165,7656,3
1530655450,11,7656,8165,7656,3
1530655450,11,7656,8165,7656,3
1530655450,11,7656,8165,7656,3
1530655450,11,7656,8165,7656,3
1530655485,7656,11,7768,11,3
1530655485,7656,11,7768,11,3
1530655486,7656,11,7768,11,3
1530655486,7656,11,7768,11,3
1530655487,7656,11,7768,11,3
1530655487,7656,11,7768,11,3
1530655491,7656,11,7768,11,3
1530655491,7656,11,7768,11,3
1530655492,7656,11,7768,11,3
1530655492,7656,11,7768,11,3
1530655497,7656,11,7768,11,3
1530655497,7656,11,7768,11,3
1530655507,11,7656,8165,7656,3
1530655507,11,7656,8165,7656,3
1530655507,11,7656,8165,7656,3
1530655507,11,7656,8165,7656,3
1530655507,11,7656,8165,7656,3
1530655507,11,7656,8165,7656,3
1530655507,11,7656,8165,7656,3
1530655507,11,7656,8165,7656,3
1530655507,11,7656,8165,7656,3
1530655507,11,7656,8165,7656,3
1530655507,11,7656,8165,7656,3
1530655507,11,7656,8165,7656,3
1530655507,11,7656,8165,7656,3
1530655507,11,7656,8165,7656,3
1530655507,11,7656,8165,7656,3
1530655507,11,7656,8165,7656,3
1530655515,7656,11,7768,11,3
1530655515,7656,11,7768,11,3
1530655520,7656,11,7768,11,3
1530655520,7656,11,7768,11,3
1530655524,7656,11,7768,11,3
1530655524,7656,11,7768,11,3
1530655529,7656,11,7768,11,3
1530655529,7656,11,7768,11,3
1530656207,7656,11,7768,11,3
1530656207,7656,11,7768,11,3
1530656207,7656,11,7768,11,3
1530656207,7656,11,7768,11,3
1530656207,7656,11,7768,11,3
1530656207,7656,11,7768,11,3
1530656208,7656,11,7768,11,3
1530656208,7656,11,7768,11,3
1531250251,7656,11,7926,11,3
1531250251,7656,11,7926,11,3
1531250251,7656,11,7926,11,3
1531250251,7656,11,7926,11,3
1531250251,7656,11,7926,11,3
1531250251,7656,11,7926,11,3
1531250251,7656,11,7926,11,3
1531250251,7656,11,7926,11,3
1531250252,7656,11,7926,11,3
1531250252,7656,11,7926,11,3
1531859179,69,68,70,68,3
1531859179,69,68,70,68,3
1531859179,69,68,70,68,3
1531859179,69,68,70,68,3
1533751664,1765,8270,9040,8270,3
1533751664,1765,8270,9040,8270,3
1533751664,1765,8270,9040,8270,3
1533751664,1765,8270,9040,8270,3
1533751664,1765,8270,9040,8270,3
1533751664,1765,8270,9040,8270,3
1533751664,1765,8270,9040,8270,3
1533751664,1765,8270,9040,8270,3
1533751664,1765,8270,9040,8270,3
1533751664,1765,8270,9040,8270,3
1533751664,1765,8270,9040,8270,3
1533751664,1765,8270,9040,8270,3
1533751664,1765,8270,9040,8270,3
1533751664,1765,8270,9040,8270,3
1533751664,1765,8270,9040,8270,3
1533751664,1765,8270,9040,8270,3
1533751664,1765,8270,9040,8270,3
1533751664,1765,8270,9040,8270,3
1533751664,1765,8270,9040,8270,3
1533751664,1765,8270,9040,8270,3
1533751664,1765,8270,9040,8270,3
1533751664,1765,8270,9040,8270,3
1533751664,1765,8270,9040,8270,3
1533751664,1765,8270,9040,8270,3
1533751664,1765,8270,9040,8270,3
1533751664,1765,8270,9040,8270,3
1533751664,1765,8270,9040,8270,3
1533751664,1765,8270,9040,8270,3
1533751664,1765,8270,9040,8270,3
1533751664,1765,8270,9040,8270,3
1533751664,1765,8270,9040,8270,3
1533751664,1765,8270,9040,8270,3
1536324544,69,68,73,68,3
1536324544,69,68,73,68,3
1536324544,69,68,73,68,3
1536324544,69,68,73,68,3
1536324544,69,68,73,68,3
1536324544,69,68,73,68,3
1536944202,69,68,73,68,3
1536944202,69,68,73,68,3
1536944202,69,68,73,68,3
1536944202,69,68,73,68,3
1536944202,69,68,73,68,3
1536944202,69,68,73,68,3
1536944203,69,68,73,68,3
1536944203,69,68,73,68,3
1536944203,69,68,73,68,3
1536944203,69,68,73,68,3
1536944203,69,68,73,68,3
1536944203,69,68,73,68,3
1537377568,69,68,4751,68,3
1537377568,69,68,4751,68,3
1537377568,69,68,4751,68,3
1537377568,69,68,4751,68,3
1537377568,69,68,4751,68,3
1537377568,69,68,4751,68,3
1537377568,69,68,4751,68,3
1537377568,69,68,4751,68,3
1537377568,69,68,4751,68,3
1537377568,69,68,4751,68,3
1537377568,69,68,4751,68,3
1537377568,69,68,4751,68,3
1537377568,69,68,4751,68,3
1537377568,69,68,4751,68,3
1537377568,69,68,4751,68,3
1537377568,69,68,4751,68,3
1537377568,69,68,4751,68,3
1537377568,69,68,4751,68,3
1537377568,69,68,4751,68,3
1537377568,69,68,4751,68,3
1537377568,69,68,4751,68,3
1537377568,69,68,4751,68,3
1537377568,69,68,4751,68,3
1537377568,69,68,4751,68,3
1537377745,69,68,4751,68,3
1537377745,69,68,4751,68,3
1537377745,69,68,4751,68,3
1537377745,69,68,4751,68,3
1537377745,69,68,4751,68,3
1537377745,69,68,4751,68,3
1537377745,69,68,4751,68,3
1537377745,69,68,4751,68,3
1537377745,69,68,4751,68,3
1537377745,69,68,4751,68,3
1537377745,69,68,4751,68,3
1537377745,69,68,4751,68,3
1537378763,69,68,4751,68,3
1537378763,69,68,4751,68,3
1537378763,69,68,4751,68,3
1537378763,69,68,4751,68,3
1537378763,69,68,4751,68,3
1537378763,69,68,4751,68,3
1537378763,69,68,4751,68,3
1537378763,69,68,4751,68,3
1537378763,69,68,4751,68,3
1537378763,69,68,4751,68,3
1537378763,69,68,4751,68,3
1537378763,69,68,4751,68,3
1537432799,69,68,4751,68,3
1537432799,69,68,4751,68,3
1537432799,69,68,4751,68,3
1537432799,69,68,4751,68,3
1537432799,69,68,4751,68,3
1537432799,69,68,4751,68,3
1537432799,69,68,4751,68,3
1537432799,69,68,4751,68,3
1537432799,69,68,4751,68,3
1537432799,69,68,4751,68,3
1537432799,69,68,4751,68,3
1537432799,69,68,4751,68,3
1537450249,69,68,4758,68,3
1537450249,69,68,4758,68,3
1537450249,69,68,4758,68,3
1537450249,69,68,4758,68,3
1537450249,69,68,4758,68,3
1537450249,69,68,4758,68,3
1537450249,69,68,4758,68,3
1537450249,69,68,4758,68,3
1537450249,69,68,4758,68,3
1537450249,69,68,4758,68,3
1537450249,69,68,4758,68,3
1537450249,69,68,4758,68,3
1537450249,69,68,4758,68,3
1537450249,69,68,4758,68,3
1537450249,69,68,4758,68,3
1537450249,69,68,4758,68,3
1537980692,1848,1765,8947,1765,3
1537980692,1848,1765,8947,1765,3
1537981238,1848,1765,8947,1765,3
1537981238,1848,1765,8947,1765,3
1537981326,1848,1765,8947,1765,3
1537981326,1848,1765,8947,1765,3
1538399690,69,68,71,68,3
1538399690,69,68,71,68,3
1538399690,69,68,71,68,3
1538399690,69,68,71,68,3
1538399690,69,68,71,68,3
1538399690,69,68,71,68,3
1538399690,69,68,71,68,3
1538399690,69,68,71,68,3
1538399690,69,68,71,68,3
1538399690,69,68,71,68,3
1538399690,69,68,71,68,3
1538399690,69,68,71,68,3
1538399690,69,68,71,68,3
1538399690,69,68,71,68,3
1538399690,69,68,71,68,3
1538399690,69,68,71,68,3
1538399690,69,68,71,68,3
1538399690,69,68,71,68,3
1538399690,69,68,71,68,3
1538399690,69,68,71,68,3
1538399690,69,68,71,68,3
1538399690,69,68,71,68,3
1538399690,69,68,71,68,3
1538399690,69,68,71,68,3
1541864159,1786,1765,4689,1765,3
1542311243,1909,1765,46338,1765,3
1542311243,1909,1765,46338,1765,3
1542389011,69,68,4751,68,3
1542389011,69,68,4751,68,3
1542389011,69,68,4751,68,3
1542389011,69,68,4751,68,3
1542389011,69,68,4751,68,3
1542389011,69,68,4751,68,3
1542389011,69,68,4751,68,3
1542389011,69,68,4751,68,3
1542389011,69,68,4751,68,3
1542389011,69,68,4751,68,3
1542389011,69,68,4751,68,3
1542389011,69,68,4751,68,3
1542389707,69,68,4751,68,3
1542389707,69,68,4751,68,3
1542389707,69,68,4751,68,3
1542389707,69,68,4751,68,3
1542389707,69,68,4751,68,3
1542389707,69,68,4751,68,3
1542389707,69,68,4751,68,3
1542389707,69,68,4751,68,3
1542389707,69,68,4751,68,3
1542389707,69,68,4751,68,3
1542389707,69,68,4751,68,3
1542389707,69,68,4751,68,3
1542823722,69,68,71,68,3
1542823722,69,68,71,68,3
1542823722,69,68,71,68,3
1542823722,69,68,71,68,3
1542823722,69,68,71,68,3
1542823722,69,68,71,68,3
1542823791,69,68,71,68,3
1542823791,69,68,71,68,3
1542823791,69,68,71,68,3
1542823791,69,68,71,68,3
1542823791,69,68,71,68,3
1542823791,69,68,71,68,3
1542823917,69,68,71,68,3
1542823917,69,68,71,68,3
1542823917,69,68,71,68,3
1542823917,69,68,71,68,3
1542823917,69,68,71,68,3
1542823917,69,68,71,68,3
1543519952,1775,1765,1776,8270,3
1543519952,1775,1765,1776,8270,3
1543519952,1775,1765,1776,8270,3
1543519952,1775,1765,1776,8270,3
1543521141,8270,1765,1776,8270,3
1543521141,8270,1765,1776,8270,3
1543521141,8270,1765,1776,8270,3
1543521141,8270,1765,1776,8270,3
1543521142,8270,1765,1776,8270,3
1543521142,8270,1765,1776,8270,3
1543521142,8270,1765,1776,8270,3
1543521142,8270,1765,1776,8270,3
1544133259,69,68,71,68,3
1544133259,69,68,71,68,3
1544133292,69,68,71,68,3
1544133292,69,68,71,68,3
1544690761,1786,1765,4714,1765,3
1544690761,1786,1765,4714,1765,3
1544690761,1786,1765,4714,1765,3
1544690761,1786,1765,4714,1765,3
1544690761,1786,1765,4714,1765,3
1544690761,1786,1765,4714,1765,3
1544690762,1786,1765,4714,1765,3
1544690762,1786,1765,4714,1765,3
1544690762,1786,1765,4714,1765,3
1544690762,1786,1765,4714,1765,3
1544690762,1786,1765,4714,1765,3
1544690762,1786,1765,4714,1765,3
1545934288,1,4839,46262,4839,3
1545934288,1,4839,46262,4839,3
1545934288,1,4839,46262,4839,3
1545934288,1,4839,46262,4839,3
1545934288,1,4839,46262,4839,3
1545934288,1,4839,46262,4839,3
1545934373,1,4839,46262,4839,3
1545934373,1,4839,46262,4839,3
1545934373,1,4839,46262,4839,3
1545934373,1,4839,46262,4839,3
1545934373,1,4839,46262,4839,3
1545934373,1,4839,46262,4839,3
1545934378,1,4839,46262,4839,3
1545934378,1,4839,46262,4839,3
1545934378,1,4839,46262,4839,3
1545934378,1,4839,46262,4839,3
1545934378,1,4839,46262,4839,3
1545934378,1,4839,46262,4839,3
1546884795,69,68,4762,68,2
1546884795,69,68,4762,68,2
1546884795,69,68,4762,68,1
1546884795,69,68,4762,68,2
1546884795,69,68,4762,68,2
1546884795,69,68,4762,68,1
1546969532,69,68,71,68,2
1546969532,69,68,71,68,2
1546969532,69,68,71,68,3
1546969532,69,68,71,68,3
1546969532,69,68,71,68,2
1546969532,69,68,71,68,2
1546969532,69,68,71,68,3
1546969532,69,68,71,68,3
1547905040,69,68,4751,68,1
1547905040,69,68,4751,68,1
1547905040,69,68,4751,68,1
1547905042,69,68,4751,68,1
1547905042,69,68,4751,68,1
1547905042,69,68,4751,68,1
1548662831,1775,1765,8277,1765,2
1548662831,1775,1765,8277,1765,2
1548662831,1775,1765,8277,1765,2
1548662831,1775,1765,8277,1765,2
1548662832,1775,1765,8277,1765,2
1548662832,1775,1765,8277,1765,2
1548662832,1775,1765,8277,1765,2
1548662832,1775,1765,8277,1765,2
1548667326,1909,1765,1854,1765,1
1548667326,1909,1765,1854,1765,2
1548667326,1909,1765,1854,1765,1
1548667326,1909,1765,1854,1765,1
1548667326,1909,1765,1854,1765,1
1548667326,1909,1765,1854,1765,2
1548667326,1909,1765,1854,1765,1
1548667326,1909,1765,1854,1765,1
1548667327,1909,1765,1854,1765,1
1548667327,1909,1765,1854,1765,2
1548667327,1909,1765,1854,1765,1
1548667327,1909,1765,1854,1765,1
1548667327,1909,1765,1854,1765,1
1548667327,1909,1765,1854,1765,2
1548667327,1909,1765,1854,1765,1
1548667327,1909,1765,1854,1765,1
1548668980,1773,1765,1854,1765,1
1548668980,1773,1765,1854,1765,2
1548668980,1773,1765,1854,1765,1
1548668980,1773,1765,1854,1765,1
1548686343,1775,1765,8202,1765,3
1548686343,1775,1765,8202,1765,2
1548686343,1775,1765,8202,1765,2
1548686343,1775,1765,8202,1765,3
1548686343,1775,1765,8202,1765,2
1548686343,1775,1765,8202,1765,2
1548686343,1775,1765,8202,1765,3
1548686343,1775,1765,8202,1765,2
1548686343,1775,1765,8202,1765,2
1548686343,1775,1765,8202,1765,3
1548686343,1775,1765,8202,1765,2
1548686343,1775,1765,8202,1765,2
1548686343,1775,1765,8202,1765,2
1548686343,1775,1765,8202,1765,1
1548686343,1775,1765,8202,1765,1
1548686343,1775,1765,8202,1765,2
1548686343,1775,1765,8202,1765,1
1548686343,1775,1765,8202,1765,1
1548750203,1775,1765,9033,1765,2
1548750204,1775,1765,9033,1765,2
