,source,target,weight
0,351,5,1
1,351,6,1
2,351,7,1
3,351,8,1
4,351,9,1
5,351,10,1
6,351,11,1
7,351,12,1
8,351,13,1
9,351,14,1
10,351,15,1
11,351,16,1
12,351,17,1
13,351,18,1
14,351,19,1
15,351,20,1
16,351,21,1
17,351,22,1
18,351,23,1
19,357,6,1
20,357,7,1
21,357,8,1
22,357,9,1
23,357,10,1
24,357,11,1
25,357,12,1
26,357,13,1
27,357,14,1
28,357,15,1
29,357,16,1
30,357,17,1
31,357,18,1
32,357,19,1
33,357,20,1
34,357,21,1
35,357,22,1
36,357,23,1
37,362,7,1
38,362,8,1
39,362,9,1
40,362,10,1
41,362,11,1
42,362,12,1
43,362,13,1
44,362,14,1
45,362,15,1
46,362,16,1
47,362,17,1
48,362,18,1
49,362,19,1
50,362,20,1
51,362,21,1
52,362,22,1
53,362,23,1
54,369,8,1
55,369,9,1
56,369,10,1
57,369,11,1
58,369,12,1
59,369,13,1
60,369,14,1
61,369,15,1
62,369,16,1
63,369,17,1
64,369,18,1
65,369,19,1
66,369,20,1
67,369,21,1
68,369,22,1
69,369,23,1
70,374,9,1
71,374,10,1
72,374,11,1
73,374,12,1
74,374,13,1
75,374,14,1
76,374,15,1
77,374,16,1
78,374,17,1
79,374,18,1
80,374,19,1
81,374,20,1
82,374,21,1
83,374,22,1
84,374,23,1
85,380,10,1
86,380,11,1
87,380,12,1
88,380,13,1
89,380,14,1
90,380,15,1
91,380,16,1
92,380,17,1
93,380,18,1
94,380,19,1
95,380,20,1
96,380,21,1
97,380,22,1
98,380,23,1
99,387,11,1
100,387,12,1
101,387,13,1
102,387,14,1
103,387,15,1
104,387,16,1
105,387,17,1
106,387,18,1
107,387,19,1
108,387,20,1
109,387,21,1
110,387,22,1
111,387,23,1
112,391,12,1
113,391,13,1
114,391,14,1
115,391,15,1
116,391,16,1
117,391,17,1
118,391,18,1
119,391,19,1
120,391,20,1
121,391,21,1
122,391,22,1
123,391,23,1
124,398,13,1
125,398,14,1
126,398,15,1
127,398,16,1
128,398,17,1
129,398,18,1
130,398,19,1
131,398,20,1
132,398,21,1
133,398,22,1
134,398,23,1
135,404,14,1
136,404,15,1
137,404,16,1
138,404,17,1
139,404,18,1
140,404,19,1
141,404,20,1
142,404,21,1
143,404,22,1
144,404,23,1
145,410,15,1
146,410,16,1
147,410,17,1
148,410,18,1
149,410,19,1
150,410,20,1
151,410,21,1
152,410,22,1
153,410,23,1
154,416,16,1
155,416,17,1
156,416,18,1
157,416,19,1
158,416,20,1
159,416,21,1
160,416,22,1
161,416,23,1
162,422,17,1
163,422,18,1
164,422,19,1
165,422,20,1
166,422,21,1
167,422,22,1
168,422,23,1
169,429,18,1
170,429,19,1
171,429,20,1
172,429,21,1
173,429,22,1
174,429,23,1
175,433,19,1
176,433,20,1
177,433,21,1
178,433,22,1
179,433,23,1
180,439,20,1
181,439,21,1
182,439,22,1
183,439,23,1
184,446,21,1
185,446,22,1
186,446,23,1
187,454,22,1
188,454,23,1
189,1153,1153,1
190,1153,1154,1
191,1154,1154,1
192,1155,1155,1
193,1155,1156,1
194,1155,1157,1
195,1156,1156,1
196,1156,1157,1
197,1157,1157,1
198,1158,1158,1
199,1158,1159,1
200,1158,1160,1
201,1159,1159,1
202,1159,1160,1
203,1160,1160,1
204,1161,1161,1
205,1161,1162,1
206,1161,1166,1
207,1161,1167,1
208,1162,1162,1
209,1162,1166,1
210,1162,1167,1
211,1163,1163,1
212,1163,1164,1
213,1163,1165,1
214,1164,1164,1
215,1164,1165,1
216,1165,1165,1
217,1166,1166,1
218,1166,1167,1
219,1167,1167,1
220,1168,1168,1
221,1169,1169,1
222,1169,1170,1
223,1169,1171,1
224,1170,1170,1
225,1170,1171,1
226,1171,1171,1
227,1172,1172,1
228,1172,1173,1
229,1172,1177,1
230,1172,1178,1
231,1172,1182,1
232,1172,1183,1
233,1172,1190,1
234,1172,1191,1
235,1172,1192,1
236,1172,1193,1
237,1173,1173,1
238,1173,1177,1
239,1173,1178,1
240,1173,1182,1
241,1173,1183,1
242,1173,1190,1
243,1173,1191,1
244,1173,1192,1
245,1173,1193,1
246,1174,1174,1
247,1174,1175,1
248,1174,1176,1
249,1174,1179,1
250,1174,1180,1
251,1174,1181,1
252,1174,1184,1
253,1174,1185,1
254,1174,1186,1
255,1174,1187,1
256,1174,1188,1
257,1174,1189,1
258,1174,1194,1
259,1174,1195,1
260,1174,1196,1
261,1174,1197,1
262,1175,1175,1
263,1175,1176,1
264,1175,1179,1
265,1175,1180,1
266,1175,1181,1
267,1175,1184,1
268,1175,1185,1
269,1175,1186,1
270,1175,1187,1
271,1175,1188,1
272,1175,1189,1
273,1175,1194,1
274,1175,1195,1
275,1175,1196,1
276,1175,1197,1
277,1176,1176,1
278,1176,1179,1
279,1176,1180,1
280,1176,1181,1
281,1176,1184,1
282,1176,1185,1
283,1176,1186,1
284,1176,1187,1
285,1176,1188,1
286,1176,1189,1
287,1176,1194,1
288,1176,1195,1
289,1176,1196,1
290,1176,1197,1
291,1177,1177,1
292,1177,1178,1
293,1177,1182,1
294,1177,1183,1
295,1177,1190,1
296,1177,1191,1
297,1177,1192,1
298,1177,1193,1
299,1178,1178,1
300,1178,1182,1
301,1178,1183,1
302,1178,1190,1
303,1178,1191,1
304,1178,1192,1
305,1178,1193,1
306,1179,1179,1
307,1179,1180,1
308,1179,1181,1
309,1179,1184,1
310,1179,1185,1
311,1179,1186,1
312,1179,1187,1
313,1179,1188,1
314,1179,1189,1
315,1179,1194,1
316,1179,1195,1
317,1179,1196,1
318,1179,1197,1
319,1180,1180,1
320,1180,1181,1
321,1180,1184,1
322,1180,1185,1
323,1180,1186,1
324,1180,1187,1
325,1180,1188,1
326,1180,1189,1
327,1180,1194,1
328,1180,1195,1
329,1180,1196,1
330,1180,1197,1
331,1181,1181,1
332,1181,1184,1
333,1181,1185,1
334,1181,1186,1
335,1181,1187,1
336,1181,1188,1
337,1181,1189,1
338,1181,1194,1
339,1181,1195,1
340,1181,1196,1
341,1181,1197,1
342,1182,1182,1
343,1182,1183,1
344,1182,1190,1
345,1182,1191,1
346,1182,1192,1
347,1182,1193,1
348,1183,1183,1
349,1183,1190,1
350,1183,1191,1
351,1183,1192,1
352,1183,1193,1
353,1184,1184,1
354,1184,1185,1
355,1184,1186,1
356,1184,1187,1
357,1184,1188,1
358,1184,1189,1
359,1184,1194,1
360,1184,1195,1
361,1184,1196,1
362,1184,1197,1
363,1185,1185,1
364,1185,1186,1
365,1185,1187,1
366,1185,1188,1
367,1185,1189,1
368,1185,1194,1
369,1185,1195,1
370,1185,1196,1
371,1185,1197,1
372,1186,1186,1
373,1186,1187,1
374,1186,1188,1
375,1186,1189,1
376,1186,1194,1
377,1186,1195,1
378,1186,1196,1
379,1186,1197,1
380,1187,1187,1
381,1187,1188,1
382,1187,1189,1
383,1187,1194,1
384,1187,1195,1
385,1187,1196,1
386,1187,1197,1
387,1188,1188,1
388,1188,1189,1
389,1188,1194,1
390,1188,1195,1
391,1188,1196,1
392,1188,1197,1
393,1189,1189,1
394,1189,1194,1
395,1189,1195,1
396,1189,1196,1
397,1189,1197,1
398,1190,1190,1
399,1190,1191,1
400,1190,1192,1
401,1190,1193,1
402,1191,1191,1
403,1191,1192,1
404,1191,1193,1
405,1192,1192,1
406,1192,1193,1
407,1193,1193,1
408,1194,1194,1
409,1194,1195,1
410,1194,1196,1
411,1194,1197,1
412,1195,1195,1
413,1195,1196,1
414,1195,1197,1
415,1196,1196,1
416,1196,1197,1
417,1197,1197,1
418,1198,1198,1
419,1198,1199,1
420,1198,1203,1
421,1198,1204,1
422,1199,1199,1
423,1199,1203,1
424,1199,1204,1
425,1200,1200,1
426,1200,1201,1
427,1200,1202,1
428,1200,1205,1
429,1200,1206,1
430,1200,1207,1
431,1201,1201,1
432,1201,1202,1
433,1201,1205,1
434,1201,1206,1
435,1201,1207,1
436,1202,1202,1
437,1202,1205,1
438,1202,1206,1
439,1202,1207,1
440,1203,1203,1
441,1203,1204,1
442,1204,1204,1
443,1205,1205,1
444,1205,1206,1
445,1205,1207,1
446,1206,1206,1
447,1206,1207,1
448,1207,1207,1
449,1208,1208,1
450,1208,1209,1
451,1209,1209,1
452,1210,1210,1
453,1210,1211,1
454,1210,1212,1
455,1211,1211,1
456,1211,1212,1
457,1212,1212,1
458,1213,1213,1
459,1213,1214,1
460,1213,1215,1
461,1214,1214,1
462,1214,1215,1
463,1215,1215,1
464,1216,1216,1
465,1217,1217,1
466,1217,1218,1
467,1217,1219,1
468,1218,1218,1
469,1218,1219,1
470,1219,1219,1
471,1220,1220,1
472,1220,1221,1
473,1221,1221,1
474,1222,1222,1
475,1223,1223,1
476,1223,1224,1
477,1224,1224,1
478,1225,1225,1
479,1226,1226,1
480,1227,1227,1
481,1228,1228,1
482,1229,1229,1
483,1229,1230,1
484,1229,1231,1
485,1229,1234,1
486,1229,1235,1
487,1229,1236,1
488,1230,1230,1
489,1230,1231,1
490,1230,1234,1
491,1230,1235,1
492,1230,1236,1
493,1231,1231,1
494,1231,1234,1
495,1231,1235,1
496,1231,1236,1
497,1232,1232,1
498,1232,1233,1
499,1232,1237,1
500,1232,1238,1
501,1233,1233,1
502,1233,1237,1
503,1233,1238,1
504,1234,1234,1
505,1234,1235,1
506,1234,1236,1
507,1235,1235,1
508,1235,1236,1
509,1236,1236,1
510,1237,1237,1
511,1237,1238,1
512,1238,1238,1
513,1239,1239,1
514,1239,1240,1
515,1239,1241,1
516,1239,1244,1
517,1239,1245,1
518,1239,1246,1
519,1239,1249,1
520,1239,1250,1
521,1239,1251,1
522,1240,1240,1
523,1240,1241,1
524,1240,1244,1
525,1240,1245,1
526,1240,1246,1
527,1240,1249,1
528,1240,1250,1
529,1240,1251,1
530,1241,1241,1
531,1241,1244,1
532,1241,1245,1
533,1241,1246,1
534,1241,1249,1
535,1241,1250,1
536,1241,1251,1
537,1242,1242,1
538,1242,1243,1
539,1242,1247,1
540,1242,1248,1
541,1243,1243,1
542,1243,1247,1
543,1243,1248,1
544,1244,1244,1
545,1244,1245,1
546,1244,1246,1
547,1244,1249,1
548,1244,1250,1
549,1244,1251,1
550,1245,1245,1
551,1245,1246,1
552,1245,1249,1
553,1245,1250,1
554,1245,1251,1
555,1246,1246,1
556,1246,1249,1
557,1246,1250,1
558,1246,1251,1
559,1247,1247,1
560,1247,1248,1
561,1248,1248,1
562,1249,1249,1
563,1249,1250,1
564,1249,1251,1
565,1250,1250,1
566,1250,1251,1
567,1251,1251,1
568,1252,1252,1
569,1252,1253,1
570,1252,1257,1
571,1252,1258,1
572,1253,1253,1
573,1253,1257,1
574,1253,1258,1
575,1254,1254,1
576,1254,1255,1
577,1254,1256,1
578,1254,1259,1
579,1254,1260,1
580,1254,1261,1
581,1255,1255,1
582,1255,1256,1
583,1255,1259,1
584,1255,1260,1
585,1255,1261,1
586,1256,1256,1
587,1256,1259,1
588,1256,1260,1
589,1256,1261,1
590,1257,1257,1
591,1257,1258,1
592,1258,1258,1
593,1259,1259,1
594,1259,1260,1
595,1259,1261,1
596,1260,1260,1
597,1260,1261,1
598,1261,1261,1
599,1262,1262,1
600,1262,1263,1
601,1262,1264,1
602,1262,1267,1
603,1262,1268,1
604,1262,1269,1
605,1262,1272,1
606,1262,1273,1
607,1262,1274,1
608,1262,1277,1
609,1262,1278,1
610,1262,1279,1
611,1263,1263,1
612,1263,1264,1
613,1263,1267,1
614,1263,1268,1
615,1263,1269,1
616,1263,1272,1
617,1263,1273,1
618,1263,1274,1
619,1263,1277,1
620,1263,1278,1
621,1263,1279,1
622,1264,1264,1
623,1264,1267,1
624,1264,1268,1
625,1264,1269,1
626,1264,1272,1
627,1264,1273,1
628,1264,1274,1
629,1264,1277,1
630,1264,1278,1
631,1264,1279,1
632,1265,1265,1
633,1265,1266,1
634,1265,1270,1
635,1265,1271,1
636,1265,1275,1
637,1265,1276,1
638,1265,1280,1
639,1265,1281,1
640,1266,1266,1
641,1266,1270,1
642,1266,1271,1
643,1266,1275,1
644,1266,1276,1
645,1266,1280,1
646,1266,1281,1
647,1267,1267,1
648,1267,1268,1
649,1267,1269,1
650,1267,1272,1
651,1267,1273,1
652,1267,1274,1
653,1267,1277,1
654,1267,1278,1
655,1267,1279,1
656,1268,1268,1
657,1268,1269,1
658,1268,1272,1
659,1268,1273,1
660,1268,1274,1
661,1268,1277,1
662,1268,1278,1
663,1268,1279,1
664,1269,1269,1
665,1269,1272,1
666,1269,1273,1
667,1269,1274,1
668,1269,1277,1
669,1269,1278,1
670,1269,1279,1
671,1270,1270,1
672,1270,1271,1
673,1270,1275,1
674,1270,1276,1
675,1270,1280,1
676,1270,1281,1
677,1271,1271,1
678,1271,1275,1
679,1271,1276,1
680,1271,1280,1
681,1271,1281,1
682,1272,1272,1
683,1272,1273,1
684,1272,1274,1
685,1272,1277,1
686,1272,1278,1
687,1272,1279,1
688,1273,1273,1
689,1273,1274,1
690,1273,1277,1
691,1273,1278,1
692,1273,1279,1
693,1274,1274,1
694,1274,1277,1
695,1274,1278,1
696,1274,1279,1
697,1275,1275,1
698,1275,1276,1
699,1275,1280,1
700,1275,1281,1
701,1276,1276,1
702,1276,1280,1
703,1276,1281,1
704,1277,1277,1
705,1277,1278,1
706,1277,1279,1
707,1278,1278,1
708,1278,1279,1
709,1279,1279,1
710,1280,1280,1
711,1280,1281,1
712,1281,1281,1
713,1282,1282,1
714,1282,1283,1
715,1282,1284,1
716,1282,1287,1
717,1282,1288,1
718,1282,1289,1
719,1283,1283,1
720,1283,1284,1
721,1283,1287,1
722,1283,1288,1
723,1283,1289,1
724,1284,1284,1
725,1284,1287,1
726,1284,1288,1
727,1284,1289,1
728,1285,1285,1
729,1285,1286,1
730,1285,1290,1
731,1285,1291,1
732,1285,1292,1
733,1285,1293,1
734,1285,1294,1
735,1285,1295,1
736,1285,1299,1
737,1285,1300,1
738,1285,1304,1
739,1285,1305,1
740,1286,1286,1
741,1286,1290,1
742,1286,1291,1
743,1286,1292,1
744,1286,1293,1
745,1286,1294,1
746,1286,1295,1
747,1286,1299,1
748,1286,1300,1
749,1286,1304,1
750,1286,1305,1
751,1287,1287,1
752,1287,1288,1
753,1287,1289,1
754,1287,1296,1
755,1287,1297,1
756,1287,1298,1
757,1287,1301,1
758,1287,1302,1
759,1287,1303,1
760,1288,1288,1
761,1288,1289,1
762,1288,1296,1
763,1288,1297,1
764,1288,1298,1
765,1288,1301,1
766,1288,1302,1
767,1288,1303,1
768,1289,1289,1
769,1289,1296,1
770,1289,1297,1
771,1289,1298,1
772,1289,1301,1
773,1289,1302,1
774,1289,1303,1
775,1290,1290,1
776,1290,1291,1
777,1290,1292,1
778,1290,1293,1
779,1290,1294,1
780,1290,1295,1
781,1290,1299,1
782,1290,1300,1
783,1290,1304,1
784,1290,1305,1
785,1291,1291,1
786,1291,1292,1
787,1291,1293,1
788,1291,1294,1
789,1291,1295,1
790,1291,1299,1
791,1291,1300,1
792,1291,1304,1
793,1291,1305,1
794,1292,1292,1
795,1292,1293,1
796,1292,1294,1
797,1292,1295,1
798,1292,1299,1
799,1292,1300,1
800,1292,1304,1
801,1292,1305,1
802,1293,1293,1
803,1293,1294,1
804,1293,1295,1
805,1293,1299,1
806,1293,1300,1
807,1293,1304,1
808,1293,1305,1
809,1294,1294,1
810,1294,1295,1
811,1294,1299,1
812,1294,1300,1
813,1294,1304,1
814,1294,1305,1
815,1295,1295,1
816,1295,1299,1
817,1295,1300,1
818,1295,1304,1
819,1295,1305,1
820,1296,1296,1
821,1296,1297,1
822,1296,1298,1
823,1296,1301,1
824,1296,1302,1
825,1296,1303,1
826,1297,1297,1
827,1297,1298,1
828,1297,1301,1
829,1297,1302,1
830,1297,1303,1
831,1298,1298,1
832,1298,1301,1
833,1298,1302,1
834,1298,1303,1
835,1299,1299,1
836,1299,1300,1
837,1299,1304,1
838,1299,1305,1
839,1300,1300,1
840,1300,1304,1
841,1300,1305,1
842,1301,1301,1
843,1301,1302,1
844,1301,1303,1
845,1302,1302,1
846,1302,1303,1
847,1303,1303,1
848,1304,1304,1
849,1304,1305,1
850,1305,1305,1
851,1306,1306,1
852,1307,1307,1
853,1308,1308,1
854,1309,1309,1
855,1309,1310,1
856,1310,1310,1
857,1311,1311,1
858,1312,1312,1
859,1313,1313,1
860,1313,1314,1
861,1313,1315,1
862,1314,1314,1
863,1314,1315,1
864,1315,1315,1
865,1316,1316,1
866,1317,1317,1
867,1317,1318,1
868,1318,1318,1
869,1319,1319,1
870,1320,1320,1
871,1320,1321,1
872,1320,1322,1
873,1321,1321,1
874,1321,1322,1
875,1322,1322,1
876,1323,1323,1
877,1324,1324,1
878,1324,1325,1
879,1325,1325,1
880,1326,1326,1
881,1326,1327,1
882,1326,1328,1
883,1326,1329,1
884,1327,1327,1
885,1327,1328,1
886,1327,1329,1
887,1328,1328,1
888,1328,1329,1
889,1329,1329,1
890,1330,1330,1
891,1331,1331,1
892,1331,1332,1
893,1331,1333,1
894,1331,1334,1
895,1332,1332,1
896,1332,1333,1
897,1332,1334,1
898,1333,1333,1
899,1333,1334,1
900,1334,1334,1
901,1335,1335,1
902,1336,1336,1
903,1336,1337,1
904,1337,1337,1
905,1338,1338,1
906,1338,1339,1
907,1339,1339,1
908,1340,1340,1
909,1341,1341,1
910,1341,1342,1
911,1342,1342,1
912,1343,1343,1
913,1344,1344,1
914,1345,1345,1
915,1346,1346,1
916,1347,1347,1
917,1348,1348,1
918,1348,1349,1
919,1349,1349,1
920,1350,1350,1
921,1351,1351,1
922,1352,1352,1
923,1353,1353,1
924,1354,1354,1
925,1354,1355,1
926,1354,1356,1
927,1355,1355,1
928,1355,1356,1
929,1355,1357,1
930,1356,1356,1
931,1356,1357,1
932,1357,1357,1
933,1358,1358,1
934,1359,1359,1
935,1360,1360,1
936,1360,1361,1
937,1361,1361,1
938,1362,1362,1
939,1362,1363,1
940,1362,1364,1
941,1362,1365,1
942,1363,1363,1
943,1363,1364,1
944,1363,1365,1
945,1364,1364,1
946,1364,1365,1
947,1365,1365,1
948,1366,1366,1
949,1366,1367,1
950,1367,1367,1
951,1368,1368,1
952,1369,1369,1
953,1370,1370,1
954,1370,1371,1
955,1370,1372,1
956,1370,1373,1
957,1371,1371,1
958,1371,1372,1
959,1371,1373,1
960,1371,1374,1
961,1372,1372,1
962,1372,1373,1
963,1372,1374,1
964,1373,1373,1
965,1373,1374,1
966,1374,1374,1
967,1375,1375,1
968,1376,1376,1
969,1377,1377,1
970,1378,1378,1
971,1379,1379,1
972,1380,1380,1
973,1380,1381,1
974,1381,1381,1
975,1382,1382,1
976,1383,1383,1
977,1384,1384,1
978,1384,1385,1
979,1384,1386,1
980,1385,1385,1
981,1385,1386,1
982,1386,1386,1
983,1387,1387,1
984,1387,1388,1
985,1388,1388,1
986,1389,1389,1
987,1390,1390,1
988,1390,1391,1
989,1390,1392,1
990,1390,1393,1
991,1391,1391,1
992,1391,1392,1
993,1391,1393,1
994,1392,1392,1
995,1392,1393,1
996,1393,1393,1
997,1394,1394,1
998,1394,1395,1
999,1394,1396,1
1000,1394,1397,1
1001,1394,1398,1
1002,1395,1395,1
1003,1395,1396,1
1004,1395,1397,1
1005,1395,1398,1
1006,1396,1396,1
1007,1396,1397,1
1008,1396,1398,1
1009,1397,1397,1
1010,1397,1398,1
1011,1398,1398,1
1012,1399,1399,1
1013,1399,1400,1
1014,1400,1400,1
1015,1401,1401,1
1016,1402,1402,1
1017,1402,1403,1
1018,1403,1403,1
1019,1404,1404,1
1020,1405,1405,1
1021,1405,1406,1
1022,1405,1407,1
1023,1405,1408,1
1024,1406,1406,1
1025,1406,1407,1
1026,1406,1408,1
1027,1407,1407,1
1028,1407,1408,1
1029,1408,1408,1
1030,1409,1409,1
1031,1409,1410,1
1032,1409,1411,1
1033,1410,1410,1
1034,1410,1411,1
1035,1411,1411,1
1036,1412,1412,1
1037,1413,1413,1
1038,1413,1414,1
1039,1413,1415,1
1040,1414,1414,1
1041,1414,1415,1
1042,1415,1415,1
1043,1416,1416,1
1044,1416,1417,1
1045,1416,1418,1
1046,1417,1417,1
1047,1417,1418,1
1048,1418,1418,1
1049,1419,1419,1
1050,1420,1420,1
1051,1421,1421,1
1052,1422,1422,1
1053,1423,1423,1
1054,1423,1424,1
1055,1423,1425,1
1056,1424,1424,1
1057,1424,1425,1
1058,1425,1425,1
1059,1426,1426,1
1060,1426,1427,1
1061,1426,1428,1
1062,1426,1429,1
1063,1426,1432,1
1064,1427,1427,1
1065,1427,1428,1
1066,1427,1429,1
1067,1427,1432,1
1068,1428,1428,1
1069,1428,1429,1
1070,1428,1432,1
1071,1429,1429,1
1072,1429,1432,1
1073,1430,1430,1
1074,1430,1431,1
1075,1431,1431,1
1076,1432,1432,1
1077,1433,1433,1
1078,1433,1434,1
1079,1434,1434,1
1080,1435,1435,1
1081,1436,1436,1
1082,1437,1437,1
1083,1437,1438,1
1084,1437,1439,1
1085,1438,1438,1
1086,1438,1439,1
1087,1439,1439,1
1088,1440,1440,1
1089,1440,1441,1
1090,1441,1441,1
1091,1442,1442,1
1092,1443,1443,1
1093,1444,1444,1
1094,1444,1445,1
1095,1444,1446,1
1096,1444,1447,1
1097,1445,1445,1
1098,1445,1446,1
1099,1445,1447,1
1100,1446,1446,1
1101,1446,1447,1
1102,1447,1447,1
1103,1448,1448,1
1104,1449,1449,1
1105,1450,1450,1
1106,1450,1451,1
1107,1450,1452,1
1108,1450,1453,1
1109,1450,1454,1
1110,1451,1451,1
1111,1451,1452,1
1112,1451,1453,1
1113,1451,1454,1
1114,1452,1452,1
1115,1452,1453,1
1116,1452,1454,1
1117,1453,1453,1
1118,1453,1454,1
1119,1454,1454,1
1120,1455,1455,1
1121,1456,1456,1
1122,1457,1457,1
1123,1457,1458,1
1124,1458,1458,1
1125,1459,1459,1
1126,1460,1460,1
1127,1460,1461,1
1128,1461,1461,1
1129,1462,1462,1
1130,1462,1463,1
1131,1463,1463,1
1132,1464,1464,1
1133,1464,1465,1
1134,1465,1465,1
1135,1466,1466,1
1136,1467,1467,1
1137,1467,1468,1
1138,1468,1468,1
1139,1469,1469,1
1140,1470,1470,1
1141,1470,1471,1
1142,1470,1472,1
1143,1470,1473,1
1144,1470,1474,1
1145,1471,1471,1
1146,1471,1472,1
1147,1471,1473,1
1148,1471,1474,1
1149,1472,1472,1
1150,1472,1473,1
1151,1472,1474,1
1152,1473,1473,1
1153,1473,1474,1
1154,1474,1474,1
1155,1475,1475,1
1156,1476,1476,1
1157,1477,1477,1
1158,1477,1478,1
1159,1477,1479,1
1160,1477,1480,1
1161,1478,1478,1
1162,1478,1479,1
1163,1478,1480,1
1164,1479,1479,1
1165,1479,1480,1
1166,1480,1480,1
1167,1481,1481,1
1168,1481,1482,1
1169,1481,1483,1
1170,1481,1484,1
1171,1481,1485,1
1172,1482,1482,1
1173,1482,1483,1
1174,1482,1484,1
1175,1482,1485,1
1176,1483,1483,1
1177,1483,1484,1
1178,1483,1485,1
1179,1484,1484,1
1180,1484,1485,1
1181,1485,1485,1
1182,1486,1486,1
1183,1486,1487,1
1184,1486,1488,1
1185,1486,1489,1
1186,1486,1490,1
1187,1486,1491,1
1188,1486,1492,1
1189,1486,1493,1
1190,1487,1487,1
1191,1487,1488,1
1192,1487,1489,1
1193,1487,1490,1
1194,1487,1491,1
1195,1487,1492,1
1196,1487,1493,1
1197,1488,1488,1
1198,1488,1489,1
1199,1488,1490,1
1200,1488,1491,1
1201,1488,1492,1
1202,1488,1493,1
1203,1489,1489,1
1204,1489,1490,1
1205,1489,1491,1
1206,1489,1492,1
1207,1489,1493,1
1208,1490,1490,1
1209,1490,1491,1
1210,1490,1492,1
1211,1490,1493,1
1212,1491,1491,1
1213,1491,1492,1
1214,1491,1493,1
1215,1492,1492,1
1216,1492,1493,1
1217,1493,1493,1
1218,1494,1494,1
1219,1495,1495,1
1220,1495,1496,1
1221,1496,1496,1
1222,1497,1497,1
1223,1497,1498,1
1224,1498,1498,1
1225,1499,1499,1
1226,1499,1500,1
1227,1500,1500,1
1228,1501,1501,1
1229,1502,1502,1
1230,1502,1503,1
1231,1502,1504,1
1232,1503,1503,1
1233,1503,1504,1
1234,1504,1504,1
1235,1505,1505,1
1236,1505,1506,1
1237,1506,1506,1
1238,1507,1507,1
1239,1508,1508,1
1240,1508,1509,1
1241,1508,1510,1
1242,1509,1509,1
1243,1509,1510,1
1244,1510,1510,1
1245,1511,1511,1
1246,1511,1512,1
1247,1512,1512,1
1248,1513,1513,1
1249,1513,1514,1
1250,1513,1515,1
1251,1514,1514,1
1252,1514,1515,1
1253,1515,1515,1
1254,1516,1516,1
1255,1516,1517,1
1256,1517,1517,1
1257,1518,1518,1
1258,1519,1519,1
1259,1520,1520,1
1260,1520,1521,1
1261,1520,1522,1
1262,1520,1523,1
1263,1520,1524,1
1264,1521,1521,1
1265,1521,1522,1
1266,1521,1523,1
1267,1521,1524,1
1268,1522,1522,1
1269,1522,1523,1
1270,1522,1524,1
1271,1523,1523,1
1272,1523,1524,1
1273,1524,1524,1
1274,1525,1525,1
1275,1526,1526,1
1276,1527,1527,1
1277,1528,1528,1
1278,1529,1529,1
1279,1529,1530,1
1280,1529,1531,1
1281,1530,1530,1
1282,1530,1531,1
1283,1531,1531,1
1284,1532,1532,1
1285,1533,1533,1
1286,1534,1534,1
1287,1535,1535,1
1288,1535,1536,1
1289,1535,1537,1
1290,1536,1536,1
1291,1536,1537,1
1292,1537,1537,1
1293,1538,1538,1
1294,1538,1539,1
1295,1539,1539,1
1296,1540,1540,1
1297,1540,1541,1
1298,1541,1541,1
1299,1542,1542,1
1300,1543,1543,1
1301,1544,1544,1
1302,1544,1545,1
1303,1545,1545,1
1304,1546,1546,1
1305,1546,1547,1
1306,1546,1548,1
1307,1547,1547,1
1308,1547,1548,1
1309,1548,1548,1
1310,1549,1549,1
1311,1549,1550,1
1312,1550,1550,1
1313,1551,1551,1
1314,1551,1552,1
1315,1552,1552,1
1316,1553,1553,1
1317,1553,1554,1
1318,1554,1554,1
1319,1555,1555,1
1320,1555,1556,1
1321,1556,1556,1
1322,1557,1557,1
1323,1557,1558,1
1324,1558,1558,1
1325,1559,1559,1
1326,1559,1560,1
1327,1559,1561,1
1328,1559,1562,1
1329,1560,1560,1
1330,1560,1561,1
1331,1560,1562,1
1332,1561,1561,1
1333,1561,1562,1
1334,1562,1562,1
1335,1563,1563,1
1336,1563,1564,1
1337,1564,1564,1
1338,1565,1565,1
1339,1565,1566,1
1340,1566,1566,1
1341,1567,1567,1
1342,1567,1568,1
1343,1567,1569,1
1344,1567,1570,1
1345,1567,1571,1
1346,1568,1568,1
1347,1568,1569,1
1348,1568,1570,1
1349,1568,1571,1
1350,1569,1569,1
1351,1569,1570,1
1352,1569,1571,1
1353,1570,1570,1
1354,1570,1571,1
1355,1571,1571,1
1356,1572,1572,1
1357,1572,1573,1
1358,1573,1573,1
1359,1574,1574,1
1360,1574,1575,1
1361,1575,1575,1
1362,1576,1576,1
1363,1576,1577,1
1364,1577,1577,1
1365,1578,1578,1
1366,1578,1579,1
1367,1579,1579,1
1368,1580,1580,1
1369,1581,1581,1
1370,1582,1582,1
1371,1583,1583,1
1372,1583,1585,1
1373,1584,1584,1
1374,1585,1585,1
1375,1586,1586,1
1376,1586,1587,1
1377,1586,1588,1
1378,1586,1589,1
1379,1586,1590,1
1380,1586,1591,1
1381,1586,1592,1
1382,1586,1593,1
1383,1587,1587,1
1384,1587,1588,1
1385,1587,1589,1
1386,1587,1590,1
1387,1587,1591,1
1388,1587,1592,1
1389,1587,1593,1
1390,1588,1588,1
1391,1588,1589,1
1392,1588,1590,1
1393,1588,1591,1
1394,1588,1592,1
1395,1588,1593,1
1396,1589,1589,1
1397,1589,1590,1
1398,1589,1591,1
1399,1589,1592,1
1400,1589,1593,1
1401,1590,1590,1
1402,1590,1591,1
1403,1590,1592,1
1404,1590,1593,1
1405,1591,1591,1
1406,1591,1592,1
1407,1591,1593,1
1408,1592,1592,1
1409,1592,1593,1
1410,1592,1594,1
1411,1592,1595,1
1412,1592,1596,1
1413,1593,1593,1
1414,1593,1594,1
1415,1593,1595,1
1416,1593,1596,1
1417,1594,1594,1
1418,1594,1595,1
1419,1594,1596,1
1420,1595,1595,1
1421,1595,1596,1
1422,1596,1596,1
1423,1597,1597,1
1424,1597,1598,1
1425,1597,1599,1
1426,1597,1600,1
1427,1597,1601,1
1428,1597,1602,1
1429,1597,1603,1
1430,1597,1604,1
1431,1597,1605,1
1432,1597,1606,1
1433,1597,1607,1
1434,1597,1608,1
1435,1597,1609,1
1436,1597,1610,1
1437,1597,1611,1
1438,1597,1612,1
1439,1597,1613,1
1440,1597,1614,1
1441,1598,1598,1
1442,1598,1599,1
1443,1598,1600,1
1444,1598,1601,1
1445,1598,1602,1
1446,1598,1603,1
1447,1598,1604,1
1448,1598,1605,1
1449,1598,1606,1
1450,1598,1607,1
1451,1598,1608,1
1452,1598,1609,1
1453,1598,1610,1
1454,1598,1611,1
1455,1598,1612,1
1456,1598,1613,1
1457,1598,1614,1
1458,1599,1599,1
1459,1599,1600,1
1460,1599,1601,1
1461,1599,1602,1
1462,1599,1603,1
1463,1599,1604,1
1464,1599,1605,1
1465,1599,1606,1
1466,1599,1607,1
1467,1599,1608,1
1468,1599,1609,1
1469,1599,1610,1
1470,1599,1611,1
1471,1599,1612,1
1472,1599,1613,1
1473,1599,1614,1
1474,1600,1600,1
1475,1600,1601,1
1476,1600,1602,1
1477,1600,1603,1
1478,1600,1604,1
1479,1600,1605,1
1480,1600,1606,1
1481,1600,1607,1
1482,1600,1608,1
1483,1600,1609,1
1484,1600,1610,1
1485,1600,1611,1
1486,1600,1612,1
1487,1600,1613,1
1488,1600,1614,1
1489,1601,1601,1
1490,1601,1602,1
1491,1601,1603,1
1492,1601,1604,1
1493,1601,1605,1
1494,1601,1606,1
1495,1601,1607,1
1496,1601,1608,1
1497,1601,1609,1
1498,1601,1610,1
1499,1601,1611,1
1500,1601,1612,1
1501,1601,1613,1
1502,1601,1614,1
1503,1602,1602,1
1504,1602,1603,1
1505,1602,1604,1
1506,1602,1605,1
1507,1602,1606,1
1508,1602,1607,1
1509,1602,1608,1
1510,1602,1609,1
1511,1602,1610,1
1512,1602,1611,1
1513,1602,1612,1
1514,1602,1613,1
1515,1602,1614,1
1516,1603,1603,1
1517,1603,1604,1
1518,1603,1605,1
1519,1603,1606,1
1520,1603,1607,1
1521,1603,1608,1
1522,1603,1609,1
1523,1603,1610,1
1524,1603,1611,1
1525,1603,1612,1
1526,1603,1613,1
1527,1603,1614,1
1528,1604,1604,1
1529,1604,1605,1
1530,1604,1606,1
1531,1604,1607,1
1532,1604,1608,1
1533,1604,1609,1
1534,1604,1610,1
1535,1604,1611,1
1536,1604,1612,1
1537,1604,1613,1
1538,1604,1614,1
1539,1605,1605,1
1540,1605,1606,1
1541,1605,1607,1
1542,1605,1608,1
1543,1605,1609,1
1544,1605,1610,1
1545,1605,1611,1
1546,1605,1612,1
1547,1605,1613,1
1548,1605,1614,1
1549,1606,1606,1
1550,1606,1607,1
1551,1606,1608,1
1552,1606,1609,1
1553,1606,1610,1
1554,1606,1611,1
1555,1606,1612,1
1556,1606,1613,1
1557,1606,1614,1
1558,1607,1607,1
1559,1607,1608,1
1560,1607,1609,1
1561,1607,1610,1
1562,1607,1611,1
1563,1607,1612,1
1564,1607,1613,1
1565,1607,1614,1
1566,1608,1608,1
1567,1608,1609,1
1568,1608,1610,1
1569,1608,1611,1
1570,1608,1612,1
1571,1608,1613,1
1572,1608,1614,1
1573,1609,1609,1
1574,1609,1610,1
1575,1609,1611,1
1576,1609,1612,1
1577,1609,1613,1
1578,1609,1614,1
1579,1610,1610,1
1580,1610,1611,1
1581,1610,1612,1
1582,1610,1613,1
1583,1610,1614,1
1584,1611,1611,1
1585,1611,1612,1
1586,1611,1613,1
1587,1611,1614,1
1588,1612,1612,1
1589,1612,1613,1
1590,1612,1614,1
1591,1613,1613,1
1592,1613,1614,1
1593,1614,1614,1
1594,1615,1615,1
1595,1615,1616,1
1596,1615,1617,1
1597,1615,1618,1
1598,1616,1616,1
1599,1616,1617,1
1600,1616,1618,1
1601,1617,1617,1
1602,1617,1618,1
1603,1618,1618,1
1604,1619,1619,1
1605,1620,1620,1
1606,1621,1621,1
1607,1622,1622,1
1608,1623,1623,1
1609,1623,1624,1
1610,1624,1624,1
1611,1625,1625,1
1612,1626,1626,1
1613,1626,1627,1
1614,1627,1627,1
1615,1628,1628,1
1616,1629,1629,1
1617,1629,1630,1
1618,1630,1630,1
1619,1631,1631,1
1620,1631,1632,1
1621,1631,1633,1
1622,1632,1632,1
1623,1632,1633,1
1624,1633,1633,1
1625,1634,1634,1
1626,1635,1635,1
1627,1635,1636,1
1628,1636,1636,1
1629,1637,1637,1
1630,1638,1638,1
1631,1639,1639,1
1632,1640,1640,1
1633,1641,1641,1
1634,1642,1642,1
1635,1642,1643,1
1636,1643,1643,1
1637,1644,1644,1
1638,1644,1645,1
1639,1645,1645,1
1640,1646,1646,1
1641,1647,1647,1
1642,1647,1648,1
1643,1647,1649,1
1644,1648,1648,1
1645,1648,1649,1
1646,1649,1649,1
1647,1650,1650,1
1648,1651,1651,1
1649,1651,1652,1
1650,1651,1653,1
1651,1652,1652,1
1652,1652,1653,1
1653,1653,1653,1
1654,1654,1654,1
1655,1654,1655,1
1656,1655,1655,1
1657,1656,1656,1
1658,1656,1657,1
1659,1656,1658,1
1660,1656,1659,1
1661,1657,1657,1
1662,1657,1658,1
1663,1657,1659,1
1664,1658,1658,1
1665,1658,1659,1
1666,1659,1659,1
1667,1660,1660,1
1668,1661,1661,1
1669,1661,1662,1
1670,1662,1662,1
1671,1663,1663,1
1672,1664,1664,1
1673,1664,1665,1
1674,1665,1665,1
1675,1666,1666,1
1676,1667,1667,1
1677,1667,1668,1
1678,1667,1669,1
1679,1667,1670,1
1680,1668,1668,1
1681,1668,1669,1
1682,1668,1670,1
1683,1669,1669,1
1684,1669,1670,1
1685,1670,1670,1
1686,1671,1671,1
1687,1672,1672,1
1688,1672,1673,1
1689,1673,1673,1
1690,1674,1674,1
1691,1675,1675,1
1692,1676,1676,1
1693,1677,1677,1
1694,1678,1678,1
1695,1678,1679,1
1696,1678,1680,1
1697,1678,1681,1
1698,1678,1682,1
1699,1678,1683,1
1700,1678,1684,1
1701,1678,1685,1
1702,1678,1686,1
1703,1678,1687,1
1704,1678,1688,1
1705,1678,1689,1
1706,1678,1690,1
1707,1678,1691,1
1708,1678,1692,1
1709,1678,1693,1
1710,1678,1694,1
1711,1678,1695,1
1712,1678,1696,1
1713,1678,1697,1
1714,1678,1698,1
1715,1678,1699,1
1716,1678,1700,1
1717,1679,1679,1
1718,1679,1680,1
1719,1679,1681,1
1720,1679,1682,1
1721,1679,1683,1
1722,1679,1684,1
1723,1679,1685,1
1724,1679,1686,1
1725,1679,1687,1
1726,1679,1688,1
1727,1679,1689,1
1728,1679,1690,1
1729,1679,1691,1
1730,1679,1692,1
1731,1679,1693,1
1732,1679,1694,1
1733,1679,1695,1
1734,1679,1696,1
1735,1679,1697,1
1736,1679,1698,1
1737,1679,1699,1
1738,1679,1700,1
1739,1680,1680,1
1740,1680,1681,1
1741,1680,1682,1
1742,1680,1683,1
1743,1680,1684,1
1744,1680,1685,1
1745,1680,1686,1
1746,1680,1687,1
1747,1680,1688,1
1748,1680,1689,1
1749,1680,1690,1
1750,1680,1691,1
1751,1680,1692,1
1752,1680,1693,1
1753,1680,1694,1
1754,1680,1695,1
1755,1680,1696,1
1756,1680,1697,1
1757,1680,1698,1
1758,1680,1699,1
1759,1680,1700,1
1760,1681,1681,1
1761,1681,1682,1
1762,1681,1683,1
1763,1681,1684,1
1764,1681,1685,1
1765,1681,1686,1
1766,1681,1687,1
1767,1681,1688,1
1768,1681,1689,1
1769,1681,1690,1
1770,1681,1691,1
1771,1681,1692,1
1772,1681,1693,1
1773,1681,1694,1
1774,1681,1695,1
1775,1681,1696,1
1776,1681,1697,1
1777,1681,1698,1
1778,1681,1699,1
1779,1681,1700,1
1780,1682,1682,1
1781,1682,1683,1
1782,1682,1684,1
1783,1682,1685,1
1784,1682,1686,1
1785,1682,1687,1
1786,1682,1688,1
1787,1682,1689,1
1788,1682,1690,1
1789,1682,1691,1
1790,1682,1692,1
1791,1682,1693,1
1792,1682,1694,1
1793,1682,1695,1
1794,1682,1696,1
1795,1682,1697,1
1796,1682,1698,1
1797,1682,1699,1
1798,1682,1700,1
1799,1683,1683,1
1800,1683,1684,1
1801,1683,1685,1
1802,1683,1686,1
1803,1683,1687,1
1804,1683,1688,1
1805,1683,1689,1
1806,1683,1690,1
1807,1683,1691,1
1808,1683,1692,1
1809,1683,1693,1
1810,1683,1694,1
1811,1683,1695,1
1812,1683,1696,1
1813,1683,1697,1
1814,1683,1698,1
1815,1683,1699,1
1816,1683,1700,1
1817,1684,1684,1
1818,1684,1685,1
1819,1684,1686,1
1820,1684,1687,1
1821,1684,1688,1
1822,1684,1689,1
1823,1684,1690,1
1824,1684,1691,1
1825,1684,1692,1
1826,1684,1693,1
1827,1684,1694,1
1828,1684,1695,1
1829,1684,1696,1
1830,1684,1697,1
1831,1684,1698,1
1832,1684,1699,1
1833,1684,1700,1
1834,1685,1685,1
1835,1685,1686,1
1836,1685,1687,1
1837,1685,1688,1
1838,1685,1689,1
1839,1685,1690,1
1840,1685,1691,1
1841,1685,1692,1
1842,1685,1693,1
1843,1685,1694,1
1844,1685,1695,1
1845,1685,1696,1
1846,1685,1697,1
1847,1685,1698,1
1848,1685,1699,1
1849,1685,1700,1
1850,1686,1686,1
1851,1686,1687,1
1852,1686,1688,1
1853,1686,1689,1
1854,1686,1690,1
1855,1686,1691,1
1856,1686,1692,1
1857,1686,1693,1
1858,1686,1694,1
1859,1686,1695,1
1860,1686,1696,1
1861,1686,1697,1
1862,1686,1698,1
1863,1686,1699,1
1864,1686,1700,1
1865,1687,1687,1
1866,1687,1688,1
1867,1687,1689,1
1868,1687,1690,1
1869,1687,1691,1
1870,1687,1692,1
1871,1687,1693,1
1872,1687,1694,1
1873,1687,1695,1
1874,1687,1696,1
1875,1687,1697,1
1876,1687,1698,1
1877,1687,1699,1
1878,1687,1700,1
1879,1688,1688,1
1880,1688,1689,1
1881,1688,1690,1
1882,1688,1691,1
1883,1688,1692,1
1884,1688,1693,1
1885,1688,1694,1
1886,1688,1695,1
1887,1688,1696,1
1888,1688,1697,1
1889,1688,1698,1
1890,1688,1699,1
1891,1688,1700,1
1892,1689,1689,1
1893,1689,1690,1
1894,1689,1691,1
1895,1689,1692,1
1896,1689,1693,1
1897,1689,1694,1
1898,1689,1695,1
1899,1689,1696,1
1900,1689,1697,1
1901,1689,1698,1
1902,1689,1699,1
1903,1689,1700,1
1904,1690,1690,1
1905,1690,1691,1
1906,1690,1692,1
1907,1690,1693,1
1908,1690,1694,1
1909,1690,1695,1
1910,1690,1696,1
1911,1690,1697,1
1912,1690,1698,1
1913,1690,1699,1
1914,1690,1700,1
1915,1691,1691,1
1916,1691,1692,1
1917,1691,1693,1
1918,1691,1694,1
1919,1691,1695,1
1920,1691,1696,1
1921,1691,1697,1
1922,1691,1698,1
1923,1691,1699,1
1924,1691,1700,1
1925,1692,1692,1
1926,1692,1693,1
1927,1692,1694,1
1928,1692,1695,1
1929,1692,1696,1
1930,1692,1697,1
1931,1692,1698,1
1932,1692,1699,1
1933,1692,1700,1
1934,1693,1693,1
1935,1693,1694,1
1936,1693,1695,1
1937,1693,1696,1
1938,1693,1697,1
1939,1693,1698,1
1940,1693,1699,1
1941,1693,1700,1
1942,1694,1694,1
1943,1694,1695,1
1944,1694,1696,1
1945,1694,1697,1
1946,1694,1698,1
1947,1694,1699,1
1948,1694,1700,1
1949,1695,1695,1
1950,1695,1696,1
1951,1695,1697,1
1952,1695,1698,1
1953,1695,1699,1
1954,1695,1700,1
1955,1696,1696,1
1956,1696,1697,1
1957,1696,1698,1
1958,1696,1699,1
1959,1696,1700,1
1960,1697,1697,1
1961,1697,1698,1
1962,1697,1699,1
1963,1697,1700,1
1964,1698,1698,1
1965,1698,1699,1
1966,1698,1700,1
1967,1699,1699,1
1968,1699,1700,1
1969,1700,1700,1
1970,1701,1701,1
1971,1702,1702,1
1972,1702,1703,1
1973,1703,1703,1
1974,1704,1704,1
1975,1705,1705,1
1976,1705,1706,1
1977,1705,1707,1
1978,1705,1708,1
1979,1705,1709,1
1980,1705,1710,1
1981,1705,1711,1
1982,1705,1712,1
1983,1705,1713,1
1984,1705,1714,1
1985,1705,1715,1
1986,1705,1716,1
1987,1705,1717,1
1988,1705,1718,1
1989,1705,1719,1
1990,1705,1720,1
1991,1705,1721,1
1992,1705,1722,1
1993,1705,1723,1
1994,1705,1724,1
1995,1705,1725,1
1996,1706,1706,1
1997,1706,1707,1
1998,1706,1708,1
1999,1706,1709,1
2000,1706,1710,1
2001,1706,1711,1
2002,1706,1712,1
2003,1706,1713,1
2004,1706,1714,1
2005,1706,1715,1
2006,1706,1716,1
2007,1706,1717,1
2008,1706,1718,1
2009,1706,1719,1
2010,1706,1720,1
2011,1706,1721,1
2012,1706,1722,1
2013,1706,1723,1
2014,1706,1724,1
2015,1706,1725,1
2016,1706,1726,1
2017,1706,1727,1
2018,1706,1728,1
2019,1706,1729,1
2020,1706,1730,1
2021,1706,1731,1
2022,1706,1732,1
2023,1706,1733,1
2024,1706,1734,1
2025,1706,1735,1
2026,1706,1736,1
2027,1706,1737,1
2028,1706,1738,1
2029,1706,1739,1
2030,1707,1707,1
2031,1707,1708,1
2032,1707,1709,1
2033,1707,1710,1
2034,1707,1711,1
2035,1707,1712,1
2036,1707,1713,1
2037,1707,1714,1
2038,1707,1715,1
2039,1707,1716,1
2040,1707,1717,1
2041,1707,1718,1
2042,1707,1719,1
2043,1707,1720,1
2044,1707,1721,1
2045,1707,1722,1
2046,1707,1723,1
2047,1707,1724,1
2048,1707,1725,1
2049,1707,1726,1
2050,1707,1727,1
2051,1707,1728,1
2052,1707,1729,1
2053,1707,1730,1
2054,1707,1731,1
2055,1707,1732,1
2056,1707,1733,1
2057,1707,1734,1
2058,1707,1735,1
2059,1707,1736,1
2060,1707,1737,1
2061,1707,1738,1
2062,1707,1739,1
2063,1708,1708,1
2064,1708,1709,1
2065,1708,1710,1
2066,1708,1711,1
2067,1708,1712,1
2068,1708,1713,1
2069,1708,1714,1
2070,1708,1715,1
2071,1708,1716,1
2072,1708,1717,1
2073,1708,1718,1
2074,1708,1719,1
2075,1708,1720,1
2076,1708,1721,1
2077,1708,1722,1
2078,1708,1723,1
2079,1708,1724,1
2080,1708,1725,1
2081,1708,1726,1
2082,1708,1727,1
2083,1708,1728,1
2084,1708,1729,1
2085,1708,1730,1
2086,1708,1731,1
2087,1708,1732,1
2088,1708,1733,1
2089,1708,1734,1
2090,1708,1735,1
2091,1708,1736,1
2092,1708,1737,1
2093,1708,1738,1
2094,1708,1739,1
2095,1709,1709,1
2096,1709,1710,1
2097,1709,1711,1
2098,1709,1712,1
2099,1709,1713,1
2100,1709,1714,1
2101,1709,1715,1
2102,1709,1716,1
2103,1709,1717,1
2104,1709,1718,1
2105,1709,1719,1
2106,1709,1720,1
2107,1709,1721,1
2108,1709,1722,1
2109,1709,1723,1
2110,1709,1724,1
2111,1709,1725,1
2112,1709,1726,1
2113,1709,1727,1
2114,1709,1728,1
2115,1709,1729,1
2116,1709,1730,1
2117,1709,1731,1
2118,1709,1732,1
2119,1709,1733,1
2120,1709,1734,1
2121,1709,1735,1
2122,1709,1736,1
2123,1709,1737,1
2124,1709,1738,1
2125,1709,1739,1
2126,1710,1710,1
2127,1710,1711,1
2128,1710,1712,1
2129,1710,1713,1
2130,1710,1714,1
2131,1710,1715,1
2132,1710,1716,1
2133,1710,1717,1
2134,1710,1718,1
2135,1710,1719,1
2136,1710,1720,1
2137,1710,1721,1
2138,1710,1722,1
2139,1710,1723,1
2140,1710,1724,1
2141,1710,1725,1
2142,1710,1726,1
2143,1710,1727,1
2144,1710,1728,1
2145,1710,1729,1
2146,1710,1730,1
2147,1710,1731,1
2148,1710,1732,1
2149,1710,1733,1
2150,1710,1734,1
2151,1710,1735,1
2152,1710,1736,1
2153,1710,1737,1
2154,1710,1738,1
2155,1710,1739,1
2156,1711,1711,1
2157,1711,1712,1
2158,1711,1713,1
2159,1711,1714,1
2160,1711,1715,1
2161,1711,1716,1
2162,1711,1717,1
2163,1711,1718,1
2164,1711,1719,1
2165,1711,1720,1
2166,1711,1721,1
2167,1711,1722,1
2168,1711,1723,1
2169,1711,1724,1
2170,1711,1725,1
2171,1711,1726,1
2172,1711,1727,1
2173,1711,1728,1
2174,1711,1729,1
2175,1711,1730,1
2176,1711,1731,1
2177,1711,1732,1
2178,1711,1733,1
2179,1711,1734,1
2180,1711,1735,1
2181,1711,1736,1
2182,1711,1737,1
2183,1711,1738,1
2184,1711,1739,1
2185,1712,1712,1
2186,1712,1713,1
2187,1712,1714,1
2188,1712,1715,1
2189,1712,1716,1
2190,1712,1717,1
2191,1712,1718,1
2192,1712,1719,1
2193,1712,1720,1
2194,1712,1721,1
2195,1712,1722,1
2196,1712,1723,1
2197,1712,1724,1
2198,1712,1725,1
2199,1712,1726,1
2200,1712,1727,1
2201,1712,1728,1
2202,1712,1729,1
2203,1712,1730,1
2204,1712,1731,1
2205,1712,1732,1
2206,1712,1733,1
2207,1712,1734,1
2208,1712,1735,1
2209,1712,1736,1
2210,1712,1737,1
2211,1712,1738,1
2212,1712,1739,1
2213,1713,1713,1
2214,1713,1714,1
2215,1713,1715,1
2216,1713,1716,1
2217,1713,1717,1
2218,1713,1718,1
2219,1713,1719,1
2220,1713,1720,1
2221,1713,1721,1
2222,1713,1722,1
2223,1713,1723,1
2224,1713,1724,1
2225,1713,1725,1
2226,1713,1726,1
2227,1713,1727,1
2228,1713,1728,1
2229,1713,1729,1
2230,1713,1730,1
2231,1713,1731,1
2232,1713,1732,1
2233,1713,1733,1
2234,1713,1734,1
2235,1713,1735,1
2236,1713,1736,1
2237,1713,1737,1
2238,1713,1738,1
2239,1713,1739,1
2240,1714,1714,1
2241,1714,1715,1
2242,1714,1716,1
2243,1714,1717,1
2244,1714,1718,1
2245,1714,1719,1
2246,1714,1720,1
2247,1714,1721,1
2248,1714,1722,1
2249,1714,1723,1
2250,1714,1724,1
2251,1714,1725,1
2252,1714,1726,1
2253,1714,1727,1
2254,1714,1728,1
2255,1714,1729,1
2256,1714,1730,1
2257,1714,1731,1
2258,1714,1732,1
2259,1714,1733,1
2260,1714,1734,1
2261,1714,1735,1
2262,1714,1736,1
2263,1714,1737,1
2264,1714,1738,1
2265,1714,1739,1
2266,1715,1715,1
2267,1715,1716,1
2268,1715,1717,1
2269,1715,1718,1
2270,1715,1719,1
2271,1715,1720,1
2272,1715,1721,1
2273,1715,1722,1
2274,1715,1723,1
2275,1715,1724,1
2276,1715,1725,1
2277,1715,1726,1
2278,1715,1727,1
2279,1715,1728,1
2280,1715,1729,1
2281,1715,1730,1
2282,1715,1731,1
2283,1715,1732,1
2284,1715,1733,1
2285,1715,1734,1
2286,1715,1735,1
2287,1715,1736,1
2288,1715,1737,1
2289,1715,1738,1
2290,1715,1739,1
2291,1716,1716,1
2292,1716,1717,1
2293,1716,1718,1
2294,1716,1719,1
2295,1716,1720,1
2296,1716,1721,1
2297,1716,1722,1
2298,1716,1723,1
2299,1716,1724,1
2300,1716,1725,1
2301,1716,1726,1
2302,1716,1727,1
2303,1716,1728,1
2304,1716,1729,1
2305,1716,1730,1
2306,1716,1731,1
2307,1716,1732,1
2308,1716,1733,1
2309,1716,1734,1
2310,1716,1735,1
2311,1716,1736,1
2312,1716,1737,1
2313,1716,1738,1
2314,1716,1739,1
2315,1717,1717,1
2316,1717,1718,1
2317,1717,1719,1
2318,1717,1720,1
2319,1717,1721,1
2320,1717,1722,1
2321,1717,1723,1
2322,1717,1724,1
2323,1717,1725,1
2324,1717,1726,1
2325,1717,1727,1
2326,1717,1728,1
2327,1717,1729,1
2328,1717,1730,1
2329,1717,1731,1
2330,1717,1732,1
2331,1717,1733,1
2332,1717,1734,1
2333,1717,1735,1
2334,1717,1736,1
2335,1717,1737,1
2336,1717,1738,1
2337,1717,1739,1
2338,1718,1718,1
2339,1718,1719,1
2340,1718,1720,1
2341,1718,1721,1
2342,1718,1722,1
2343,1718,1723,1
2344,1718,1724,1
2345,1718,1725,1
2346,1718,1726,1
2347,1718,1727,1
2348,1718,1728,1
2349,1718,1729,1
2350,1718,1730,1
2351,1718,1731,1
2352,1718,1732,1
2353,1718,1733,1
2354,1718,1734,1
2355,1718,1735,1
2356,1718,1736,1
2357,1718,1737,1
2358,1718,1738,1
2359,1718,1739,1
2360,1719,1719,1
2361,1719,1720,1
2362,1719,1721,1
2363,1719,1722,1
2364,1719,1723,1
2365,1719,1724,1
2366,1719,1725,1
2367,1719,1726,1
2368,1719,1727,1
2369,1719,1728,1
2370,1719,1729,1
2371,1719,1730,1
2372,1719,1731,1
2373,1719,1732,1
2374,1719,1733,1
2375,1719,1734,1
2376,1719,1735,1
2377,1719,1736,1
2378,1719,1737,1
2379,1719,1738,1
2380,1719,1739,1
2381,1720,1720,1
2382,1720,1721,1
2383,1720,1722,1
2384,1720,1723,1
2385,1720,1724,1
2386,1720,1725,1
2387,1720,1726,1
2388,1720,1727,1
2389,1720,1728,1
2390,1720,1729,1
2391,1720,1730,1
2392,1720,1731,1
2393,1720,1732,1
2394,1720,1733,1
2395,1720,1734,1
2396,1720,1735,1
2397,1720,1736,1
2398,1720,1737,1
2399,1720,1738,1
2400,1720,1739,1
2401,1721,1721,1
2402,1721,1722,1
2403,1721,1723,1
2404,1721,1724,1
2405,1721,1725,1
2406,1721,1726,1
2407,1721,1727,1
2408,1721,1728,1
2409,1721,1729,1
2410,1721,1730,1
2411,1721,1731,1
2412,1721,1732,1
2413,1721,1733,1
2414,1721,1734,1
2415,1721,1735,1
2416,1721,1736,1
2417,1721,1737,1
2418,1721,1738,1
2419,1721,1739,1
2420,1722,1722,1
2421,1722,1723,1
2422,1722,1724,1
2423,1722,1725,1
2424,1722,1726,1
2425,1722,1727,1
2426,1722,1728,1
2427,1722,1729,1
2428,1722,1730,1
2429,1722,1731,1
2430,1722,1732,1
2431,1722,1733,1
2432,1722,1734,1
2433,1722,1735,1
2434,1722,1736,1
2435,1722,1737,1
2436,1722,1738,1
2437,1722,1739,1
2438,1723,1723,1
2439,1723,1724,1
2440,1723,1725,1
2441,1723,1726,1
2442,1723,1727,1
2443,1723,1728,1
2444,1723,1729,1
2445,1723,1730,1
2446,1723,1731,1
2447,1723,1732,1
2448,1723,1733,1
2449,1723,1734,1
2450,1723,1735,1
2451,1723,1736,1
2452,1723,1737,1
2453,1723,1738,1
2454,1723,1739,1
2455,1724,1724,1
2456,1724,1725,1
2457,1724,1726,1
2458,1724,1727,1
2459,1724,1728,1
2460,1724,1729,1
2461,1724,1730,1
2462,1724,1731,1
2463,1724,1732,1
2464,1724,1733,1
2465,1724,1734,1
2466,1724,1735,1
2467,1724,1736,1
2468,1724,1737,1
2469,1724,1738,1
2470,1724,1739,1
2471,1725,1725,1
2472,1725,1726,1
2473,1725,1727,1
2474,1725,1728,1
2475,1725,1729,1
2476,1725,1730,1
2477,1725,1731,1
2478,1725,1732,1
2479,1725,1733,1
2480,1725,1734,1
2481,1725,1735,1
2482,1725,1736,1
2483,1725,1737,1
2484,1725,1738,1
2485,1725,1739,1
2486,1726,1726,1
2487,1726,1727,1
2488,1726,1728,1
2489,1726,1729,1
2490,1726,1730,1
2491,1726,1731,1
2492,1726,1732,1
2493,1726,1733,1
2494,1726,1734,1
2495,1726,1735,1
2496,1726,1736,1
2497,1726,1737,1
2498,1726,1738,1
2499,1726,1739,1
2500,1727,1727,1
2501,1727,1728,1
2502,1727,1729,1
2503,1727,1730,1
2504,1727,1731,1
2505,1727,1732,1
2506,1727,1733,1
2507,1727,1734,1
2508,1727,1735,1
2509,1727,1736,1
2510,1727,1737,1
2511,1727,1738,1
2512,1727,1739,1
2513,1728,1728,1
2514,1728,1729,1
2515,1728,1730,1
2516,1728,1731,1
2517,1728,1732,1
2518,1728,1733,1
2519,1728,1734,1
2520,1728,1735,1
2521,1728,1736,1
2522,1728,1737,1
2523,1728,1738,1
2524,1728,1739,1
2525,1729,1729,1
2526,1729,1730,1
2527,1729,1731,1
2528,1729,1732,1
2529,1729,1733,1
2530,1729,1734,1
2531,1729,1735,1
2532,1729,1736,1
2533,1729,1737,1
2534,1729,1738,1
2535,1729,1739,1
2536,1730,1730,1
2537,1730,1731,1
2538,1730,1732,1
2539,1730,1733,1
2540,1730,1734,1
2541,1730,1735,1
2542,1730,1736,1
2543,1730,1737,1
2544,1730,1738,1
2545,1730,1739,1
2546,1731,1731,1
2547,1731,1732,1
2548,1731,1733,1
2549,1731,1734,1
2550,1731,1735,1
2551,1731,1736,1
2552,1731,1737,1
2553,1731,1738,1
2554,1731,1739,1
2555,1732,1732,1
2556,1732,1733,1
2557,1732,1734,1
2558,1732,1735,1
2559,1732,1736,1
2560,1732,1737,1
2561,1732,1738,1
2562,1732,1739,1
2563,1733,1733,1
2564,1733,1734,1
2565,1733,1735,1
2566,1733,1736,1
2567,1733,1737,1
2568,1733,1738,1
2569,1733,1739,1
2570,1734,1734,1
2571,1734,1735,1
2572,1734,1736,1
2573,1734,1737,1
2574,1734,1738,1
2575,1734,1739,1
2576,1735,1735,1
2577,1735,1736,1
2578,1735,1737,1
2579,1735,1738,1
2580,1735,1739,1
2581,1736,1736,1
2582,1736,1737,1
2583,1736,1738,1
2584,1736,1739,1
2585,1737,1737,1
2586,1737,1738,1
2587,1737,1739,1
2588,1738,1738,1
2589,1738,1739,1
2590,1739,1739,1
2591,1740,1740,1
2592,1741,1741,1
2593,1741,1742,1
2594,1741,1743,1
2595,1741,1744,1
2596,1741,1745,1
2597,1741,1746,1
2598,1741,1747,1
2599,1741,1748,1
2600,1741,1749,1
2601,1742,1742,1
2602,1742,1743,1
2603,1742,1744,1
2604,1742,1745,1
2605,1742,1746,1
2606,1742,1747,1
2607,1742,1748,1
2608,1742,1749,1
2609,1743,1743,1
2610,1743,1744,1
2611,1743,1745,1
2612,1743,1746,1
2613,1743,1747,1
2614,1743,1748,1
2615,1743,1749,1
2616,1744,1744,1
2617,1744,1745,1
2618,1744,1746,1
2619,1744,1747,1
2620,1744,1748,1
2621,1744,1749,1
2622,1745,1745,1
2623,1745,1746,1
2624,1745,1747,1
2625,1745,1748,1
2626,1745,1749,1
2627,1746,1746,1
2628,1746,1747,1
2629,1746,1748,1
2630,1746,1749,1
2631,1747,1747,1
2632,1747,1748,1
2633,1747,1749,1
2634,1748,1748,1
2635,1748,1749,1
2636,1749,1749,1
2637,1750,1750,1
2638,1750,1751,1
2639,1751,1751,1
2640,1752,1752,1
2641,1753,1753,1
2642,1753,1754,1
2643,1753,1755,1
2644,1754,1754,1
2645,1754,1755,1
2646,1755,1755,1
2647,1756,1756,1
2648,1757,1757,1
2649,1758,1758,1
2650,1759,1759,1
2651,1759,1760,1
2652,1760,1760,1
2653,1761,1761,1
2654,1762,1762,1
2655,1762,1763,1
2656,1763,1763,1
2657,1764,1764,1
2658,1765,1765,1
2659,1766,1766,1
2660,1766,1767,1
2661,1767,1767,1
2662,1768,1768,1
2663,1768,1769,1
2664,1769,1769,1
2665,1770,1770,1
2666,1771,1771,1
2667,1772,1772,1
2668,1773,1773,1
2669,1773,1774,1
2670,1774,1774,1
2671,1775,1775,1
2672,1775,1776,1
2673,1775,1777,1
2674,1775,1778,1
2675,1776,1776,1
2676,1776,1777,1
2677,1776,1778,1
2678,1777,1777,1
2679,1777,1778,1
2680,1778,1778,1
2681,1779,1779,1
2682,1780,1780,1
2683,1780,1781,1
2684,1781,1781,1
2685,1782,1782,1
2686,1783,1783,1
2687,1784,1784,1
2688,1785,1785,1
2689,1786,1786,1
2690,1787,1787,1
2691,1787,1788,1
2692,1788,1788,1
2693,1789,1789,1
2694,1789,1790,1
2695,1790,1790,1
2696,1791,1791,1
2697,1792,1792,1
2698,1793,1793,1
2699,1793,1794,1
2700,1794,1794,1
2701,1795,1795,1
2702,1795,1796,1
2703,1795,1797,1
2704,1795,1798,1
2705,1795,1799,1
2706,1796,1796,1
2707,1796,1797,1
2708,1796,1798,1
2709,1796,1799,1
2710,1797,1797,1
2711,1797,1798,1
2712,1797,1799,1
2713,1798,1798,1
2714,1798,1799,1
2715,1799,1799,1
2716,1800,1800,1
2717,1801,1801,1
2718,1802,1802,1
2719,1803,1803,1
2720,1804,1804,1
2721,1804,1805,1
2722,1805,1805,1
2723,1806,1806,1
2724,1806,1807,1
2725,1806,1808,1
2726,1806,1809,1
2727,1807,1807,1
2728,1807,1808,1
2729,1807,1809,1
2730,1808,1808,1
2731,1808,1809,1
2732,1809,1809,1
2733,1810,1810,1
2734,1811,1811,1
2735,1812,1812,1
2736,1813,1813,1
2737,1814,1814,1
2738,1815,1815,1
2739,1815,1816,1
2740,1815,1817,1
2741,1815,1818,1
2742,1816,1816,1
2743,1816,1817,1
2744,1816,1818,1
2745,1817,1817,1
2746,1817,1818,1
2747,1818,1818,1
2748,1819,1819,1
2749,1819,1820,1
2750,1820,1820,1
2751,1821,1821,1
2752,1822,1822,1
2753,1822,1823,1
2754,1823,1823,1
2755,1824,1824,1
2756,1825,1825,1
2757,1825,1826,1
2758,1825,1827,1
2759,1826,1826,1
2760,1826,1827,1
2761,1827,1827,1
2762,1828,1828,1
2763,1829,1829,1
2764,1830,1830,1
2765,1830,1831,1
2766,1831,1831,1
2767,1832,1832,1
2768,1833,1833,1
2769,1833,1834,1
2770,1833,1835,1
2771,1833,1836,1
2772,1833,1837,1
2773,1834,1834,1
2774,1834,1835,1
2775,1834,1836,1
2776,1834,1837,1
2777,1835,1835,1
2778,1835,1836,1
2779,1835,1837,1
2780,1836,1836,1
2781,1836,1837,1
2782,1837,1837,1
2783,1838,1838,1
2784,1839,1839,1
2785,1840,1840,1
2786,1840,1841,1
2787,1840,1842,1
2788,1841,1841,1
2789,1841,1842,1
2790,1842,1842,1
2791,1843,1843,1
2792,1844,1844,1
2793,1845,1845,1
2794,1846,1846,1
2795,1847,1847,1
2796,1848,1848,1
2797,1849,1849,1
2798,1849,1850,1
2799,1849,1851,1
2800,1850,1850,1
2801,1850,1851,1
2802,1851,1851,1
2803,1852,1852,1
2804,1852,1853,1
2805,1853,1853,1
2806,1854,1854,1
2807,1855,1855,1
2808,1856,1856,1
2809,1857,1857,1
2810,1857,1858,1
2811,1857,1859,1
2812,1857,1860,1
2813,1857,1861,1
2814,1857,1862,1
2815,1857,1863,1
2816,1858,1858,1
2817,1858,1859,1
2818,1858,1860,1
2819,1858,1861,1
2820,1858,1862,1
2821,1858,1863,1
2822,1859,1859,1
2823,1859,1860,1
2824,1859,1861,1
2825,1859,1862,1
2826,1859,1863,1
2827,1860,1860,1
2828,1860,1861,1
2829,1860,1862,1
2830,1860,1863,1
2831,1861,1861,1
2832,1861,1862,1
2833,1861,1863,1
2834,1862,1862,1
2835,1862,1863,1
2836,1863,1863,1
2837,1864,1864,1
2838,1865,1865,1
2839,1865,1866,1
2840,1865,1867,1
2841,1866,1866,1
2842,1866,1867,1
2843,1867,1867,1
2844,1868,1868,1
2845,1869,1869,1
2846,1870,1870,1
2847,1871,1871,1
2848,1872,1872,1
2849,1873,1873,1
2850,1874,1874,1
2851,1875,1875,1
2852,1875,1876,1
2853,1875,1877,1
2854,1876,1876,1
2855,1876,1877,1
2856,1877,1877,1
2857,1877,1878,1
2858,1878,1878,1
2859,1879,1879,1
2860,1879,1880,1
2861,1879,1881,1
2862,1879,1882,1
2863,1880,1880,1
2864,1880,1881,1
2865,1880,1882,1
2866,1881,1881,1
2867,1881,1882,1
2868,1882,1882,1
2869,1883,1883,1
2870,1884,1884,1
2871,1885,1885,1
2872,1886,1886,1
2873,1887,1887,1
2874,1888,1888,1
2875,1888,1889,1
2876,1888,1890,1
2877,1888,1891,1
2878,1888,1892,1
2879,1889,1889,1
2880,1889,1890,1
2881,1889,1891,1
2882,1889,1892,1
2883,1890,1890,1
2884,1890,1891,1
2885,1890,1892,1
2886,1891,1891,1
2887,1891,1892,1
2888,1892,1892,1
2889,1893,1893,1
2890,1893,1894,1
2891,1893,1895,1
2892,1893,1896,1
2893,1893,1897,1
2894,1893,1898,1
2895,1893,1899,1
2896,1894,1894,1
2897,1894,1895,1
2898,1894,1896,1
2899,1894,1897,1
2900,1894,1898,1
2901,1894,1899,1
2902,1895,1895,1
2903,1895,1896,1
2904,1895,1897,1
2905,1895,1898,1
2906,1895,1899,1
2907,1896,1896,1
2908,1896,1897,1
2909,1896,1898,1
2910,1896,1899,1
2911,1897,1897,1
2912,1897,1898,1
2913,1897,1899,1
2914,1898,1898,1
2915,1898,1899,1
2916,1899,1899,1
2917,1900,1900,1
2918,1901,1901,1
2919,1902,1902,1
2920,1903,1903,1
2921,1903,1904,1
2922,1903,1905,1
2923,1904,1904,1
2924,1904,1905,1
2925,1905,1905,1
2926,1906,1906,1
2927,1907,1907,1
2928,1908,1908,1
2929,1908,1909,1
2930,1909,1909,1
2931,1910,1910,1
2932,1911,1911,1
2933,1912,1912,1
2934,1912,1913,1
2935,1913,1913,1
2936,1914,1914,1
2937,1915,1915,1
2938,1915,1916,1
2939,1916,1916,1
2940,1917,1917,1
2941,1917,1918,1
2942,1917,1919,1
2943,1918,1918,1
2944,1918,1919,1
2945,1919,1919,1
2946,1920,1920,1
2947,1921,1921,1
2948,1921,1922,1
2949,1922,1922,1
2950,1923,1923,1
2951,1924,1924,1
2952,1925,1925,1
2953,1926,1926,1
2954,1927,1927,1
2955,1928,1928,1
2956,1929,1929,1
2957,1930,1930,1
2958,1930,1931,1
2959,1931,1931,1
2960,1932,1932,1
2961,1933,1933,1
2962,1933,1934,1
2963,1934,1934,1
2964,1935,1935,1
2965,1935,1936,1
2966,1936,1936,1
2967,1937,1937,1
2968,1937,1938,1
2969,1937,1939,1
2970,1937,1940,1
2971,1938,1938,1
2972,1938,1939,1
2973,1938,1940,1
2974,1939,1939,1
2975,1939,1940,1
2976,1940,1940,1
2977,1941,1941,1
2978,1942,1942,1
2979,1943,1943,1
2980,1944,1944,1
2981,1944,1945,1
2982,1944,1946,1
2983,1944,1947,1
2984,1944,1948,1
2985,1944,1949,1
2986,1945,1945,1
2987,1945,1946,1
2988,1945,1947,1
2989,1945,1948,1
2990,1945,1949,1
2991,1946,1946,1
2992,1946,1947,1
2993,1946,1948,1
2994,1946,1949,1
2995,1947,1947,1
2996,1947,1948,1
2997,1947,1949,1
2998,1948,1948,1
2999,1948,1949,1
3000,1949,1949,1
3001,1950,1950,1
3002,1950,1951,1
3003,1950,1952,1
3004,1951,1951,1
3005,1951,1952,1
3006,1952,1952,1
3007,1953,1953,1
3008,1953,1954,1
3009,1953,1955,1
3010,1953,1956,1
3011,1953,1957,1
3012,1953,1958,1
3013,1953,1959,1
3014,1953,1960,1
3015,1953,1961,1
3016,1953,1962,1
3017,1953,1963,1
3018,1953,1964,1
3019,1953,1965,1
3020,1953,1966,1
3021,1953,1967,1
3022,1953,1968,1
3023,1953,1969,1
3024,1954,1954,1
3025,1954,1955,1
3026,1954,1956,1
3027,1954,1957,1
3028,1954,1958,1
3029,1954,1959,1
3030,1954,1960,1
3031,1954,1961,1
3032,1954,1962,1
3033,1954,1963,1
3034,1954,1964,1
3035,1954,1965,1
3036,1954,1966,1
3037,1954,1967,1
3038,1954,1968,1
3039,1954,1969,1
3040,1955,1955,1
3041,1955,1956,1
3042,1955,1957,1
3043,1955,1958,1
3044,1955,1959,1
3045,1955,1960,1
3046,1955,1961,1
3047,1955,1962,1
3048,1955,1963,1
3049,1955,1964,1
3050,1955,1965,1
3051,1955,1966,1
3052,1955,1967,1
3053,1955,1968,1
3054,1955,1969,1
3055,1956,1956,1
3056,1956,1957,1
3057,1956,1958,1
3058,1956,1959,1
3059,1956,1960,1
3060,1956,1961,1
3061,1956,1962,1
3062,1956,1963,1
3063,1956,1964,1
3064,1956,1965,1
3065,1956,1966,1
3066,1956,1967,1
3067,1956,1968,1
3068,1956,1969,1
3069,1957,1957,1
3070,1957,1958,1
3071,1957,1959,1
3072,1957,1960,1
3073,1957,1961,1
3074,1957,1962,1
3075,1957,1963,1
3076,1957,1964,1
3077,1957,1965,1
3078,1957,1966,1
3079,1957,1967,1
3080,1957,1968,1
3081,1957,1969,1
3082,1958,1958,1
3083,1958,1959,1
3084,1958,1960,1
3085,1958,1961,1
3086,1958,1962,1
3087,1958,1963,1
3088,1958,1964,1
3089,1958,1965,1
3090,1958,1966,1
3091,1958,1967,1
3092,1958,1968,1
3093,1958,1969,1
3094,1959,1959,1
3095,1959,1960,1
3096,1959,1961,1
3097,1959,1962,1
3098,1959,1963,1
3099,1959,1964,1
3100,1959,1965,1
3101,1959,1966,1
3102,1959,1967,1
3103,1959,1968,1
3104,1959,1969,1
3105,1960,1960,1
3106,1960,1961,1
3107,1960,1962,1
3108,1960,1963,1
3109,1960,1964,1
3110,1960,1965,1
3111,1960,1966,1
3112,1960,1967,1
3113,1960,1968,1
3114,1960,1969,1
3115,1961,1961,1
3116,1961,1962,1
3117,1961,1963,1
3118,1961,1964,1
3119,1961,1965,1
3120,1961,1966,1
3121,1961,1967,1
3122,1961,1968,1
3123,1961,1969,1
3124,1962,1962,1
3125,1962,1963,1
3126,1962,1964,1
3127,1962,1965,1
3128,1962,1966,1
3129,1962,1967,1
3130,1962,1968,1
3131,1962,1969,1
3132,1963,1963,1
3133,1963,1964,1
3134,1963,1965,1
3135,1963,1966,1
3136,1963,1967,1
3137,1963,1968,1
3138,1963,1969,1
3139,1964,1964,1
3140,1964,1965,1
3141,1964,1966,1
3142,1964,1967,1
3143,1964,1968,1
3144,1964,1969,1
3145,1965,1965,1
3146,1965,1966,1
3147,1965,1967,1
3148,1965,1968,1
3149,1965,1969,1
3150,1966,1966,1
3151,1966,1967,1
3152,1966,1968,1
3153,1966,1969,1
3154,1967,1967,1
3155,1967,1968,1
3156,1967,1969,1
3157,1968,1968,1
3158,1968,1969,1
3159,1969,1969,1
3160,1970,1970,1
3161,1970,1971,1
3162,1970,1972,1
3163,1970,1973,1
3164,1970,1974,1
3165,1970,1975,1
3166,1971,1971,1
3167,1971,1972,1
3168,1971,1973,1
3169,1971,1974,1
3170,1971,1975,1
3171,1972,1972,1
3172,1972,1973,1
3173,1972,1974,1
3174,1972,1975,1
3175,1973,1973,1
3176,1973,1974,1
3177,1973,1975,1
3178,1974,1974,1
3179,1974,1975,1
3180,1975,1975,1
3181,1976,1976,1
3182,1976,1977,1
3183,1976,1978,1
3184,1976,1979,1
3185,1977,1977,1
3186,1977,1978,1
3187,1977,1979,1
3188,1978,1978,1
3189,1978,1979,1
3190,1979,1979,1
3191,1980,1980,1
3192,1980,1981,1
3193,1980,1982,1
3194,1981,1981,1
3195,1981,1982,1
3196,1982,1982,1
3197,1983,1983,1
3198,1983,1984,1
3199,1984,1984,1
3200,1985,1985,1
3201,1985,1986,1
3202,1986,1986,1
3203,1987,1987,1
3204,1988,1988,1
3205,1988,1989,1
3206,1988,1990,1
3207,1988,1991,1
3208,1988,1992,1
3209,1988,1993,1
3210,1988,1994,1
3211,1988,1995,1
3212,1988,1996,1
3213,1988,1997,1
3214,1988,1998,1
3215,1988,1999,1
3216,1988,2000,1
3217,1988,2001,1
3218,1988,2002,1
3219,1988,2003,1
3220,1988,2004,1
3221,1989,1989,1
3222,1989,1990,1
3223,1989,1991,1
3224,1989,1992,1
3225,1989,1993,1
3226,1989,1994,1
3227,1989,1995,1
3228,1989,1996,1
3229,1989,1997,1
3230,1989,1998,1
3231,1989,1999,1
3232,1989,2000,1
3233,1989,2001,1
3234,1989,2002,1
3235,1989,2003,1
3236,1989,2004,1
3237,1990,1990,1
3238,1990,1991,1
3239,1990,1992,1
3240,1990,1993,1
3241,1990,1994,1
3242,1990,1995,1
3243,1990,1996,1
3244,1990,1997,1
3245,1990,1998,1
3246,1990,1999,1
3247,1990,2000,1
3248,1990,2001,1
3249,1990,2002,1
3250,1990,2003,1
3251,1990,2004,1
3252,1991,1991,1
3253,1991,1992,1
3254,1991,1993,1
3255,1991,1994,1
3256,1991,1995,1
3257,1991,1996,1
3258,1991,1997,1
3259,1991,1998,1
3260,1991,1999,1
3261,1991,2000,1
3262,1991,2001,1
3263,1991,2002,1
3264,1991,2003,1
3265,1991,2004,1
3266,1992,1992,1
3267,1992,1993,1
3268,1992,1994,1
3269,1992,1995,1
3270,1992,1996,1
3271,1992,1997,1
3272,1992,1998,1
3273,1992,1999,1
3274,1992,2000,1
3275,1992,2001,1
3276,1992,2002,1
3277,1992,2003,1
3278,1992,2004,1
3279,1993,1993,1
3280,1993,1994,1
3281,1993,1995,1
3282,1993,1996,1
3283,1993,1997,1
3284,1993,1998,1
3285,1993,1999,1
3286,1993,2000,1
3287,1993,2001,1
3288,1993,2002,1
3289,1993,2003,1
3290,1993,2004,1
3291,1993,2005,1
3292,1993,2006,1
3293,1994,1994,1
3294,1994,1995,1
3295,1994,1996,1
3296,1994,1997,1
3297,1994,1998,1
3298,1994,1999,1
3299,1994,2000,1
3300,1994,2001,1
3301,1994,2002,1
3302,1994,2003,1
3303,1994,2004,1
3304,1994,2005,1
3305,1994,2006,1
3306,1995,1995,1
3307,1995,1996,1
3308,1995,1997,1
3309,1995,1998,1
3310,1995,1999,1
3311,1995,2000,1
3312,1995,2001,1
3313,1995,2002,1
3314,1995,2003,1
3315,1995,2004,1
3316,1995,2005,1
3317,1995,2006,1
3318,1996,1996,1
3319,1996,1997,1
3320,1996,1998,1
3321,1996,1999,1
3322,1996,2000,1
3323,1996,2001,1
3324,1996,2002,1
3325,1996,2003,1
3326,1996,2004,1
3327,1996,2005,1
3328,1996,2006,1
3329,1997,1997,1
3330,1997,1998,1
3331,1997,1999,1
3332,1997,2000,1
3333,1997,2001,1
3334,1997,2002,1
3335,1997,2003,1
3336,1997,2004,1
3337,1997,2005,1
3338,1997,2006,1
3339,1998,1998,1
3340,1998,1999,1
3341,1998,2000,1
3342,1998,2001,1
3343,1998,2002,1
3344,1998,2003,1
3345,1998,2004,1
3346,1998,2005,1
3347,1998,2006,1
3348,1999,1999,1
3349,1999,2000,1
3350,1999,2001,1
3351,1999,2002,1
3352,1999,2003,1
3353,1999,2004,1
3354,1999,2005,1
3355,1999,2006,1
3356,2000,2000,1
3357,2000,2001,1
3358,2000,2002,1
3359,2000,2003,1
3360,2000,2004,1
3361,2000,2005,1
3362,2000,2006,1
3363,2001,2001,1
3364,2001,2002,1
3365,2001,2003,1
3366,2001,2004,1
3367,2001,2005,1
3368,2001,2006,1
3369,2002,2002,1
3370,2002,2003,1
3371,2002,2004,1
3372,2002,2005,1
3373,2002,2006,1
3374,2003,2003,1
3375,2003,2004,1
3376,2003,2005,1
3377,2003,2006,1
3378,2004,2004,1
3379,2004,2005,1
3380,2004,2006,1
3381,2005,2005,1
3382,2005,2006,1
3383,2006,2006,1
3384,2007,2007,1
3385,2007,2008,1
3386,2008,2008,1
3387,2009,2009,1
3388,2009,2010,1
3389,2010,2010,1
3390,2011,2011,1
3391,2011,2012,1
3392,2011,2013,1
3393,2011,2014,1
3394,2011,2015,1
3395,2011,2016,1
3396,2012,2012,1
3397,2012,2013,1
3398,2012,2014,1
3399,2012,2015,1
3400,2012,2016,1
3401,2013,2013,1
3402,2013,2014,1
3403,2013,2015,1
3404,2013,2016,1
3405,2014,2014,1
3406,2014,2015,1
3407,2014,2016,1
3408,2015,2015,1
3409,2015,2016,1
3410,2016,2016,1
3411,2017,2017,1
3412,2017,2018,1
3413,2017,2019,1
3414,2017,2020,1
3415,2017,2021,1
3416,2017,2022,1
3417,2018,2018,1
3418,2018,2019,1
3419,2018,2020,1
3420,2018,2021,1
3421,2018,2022,1
3422,2019,2019,1
3423,2019,2020,1
3424,2019,2021,1
3425,2019,2022,1
3426,2020,2020,1
3427,2020,2021,1
3428,2020,2022,1
3429,2021,2021,1
3430,2021,2022,1
3431,2022,2022,1
3432,2023,2023,1
3433,2024,2024,1
3434,2024,2025,1
3435,2025,2025,1
3436,2026,2026,1
3437,2026,2027,1
3438,2027,2027,1
3439,2028,2028,1
3440,2028,2029,1
3441,2029,2029,1
3442,2030,2030,1
3443,2031,2031,1
3444,2031,2032,1
3445,2031,2033,1
3446,2032,2032,1
3447,2032,2033,1
3448,2033,2033,1
3449,2034,2034,1
3450,2035,2035,1
3451,2035,2036,1
3452,2036,2036,1
3453,2037,2037,1
3454,2037,2038,1
3455,2038,2038,1
3456,2039,2039,1
3457,2039,2040,1
3458,2039,2041,1
3459,2040,2040,1
3460,2040,2041,1
3461,2041,2041,1
3462,2042,2042,1
3463,2042,2043,1
3464,2043,2043,1
3465,2044,2044,1
3466,2045,2045,1
3467,2046,2046,1
3468,2046,2047,1
3469,2047,2047,1
3470,2048,2048,1
3471,2048,2049,1
3472,2049,2049,1
3473,2050,2050,1
3474,2050,2051,1
3475,2051,2051,1
3476,2052,2052,1
3477,2053,2053,1
3478,2054,2054,1
3479,2055,2055,1
3480,2056,2056,1
3481,2056,2057,1
3482,2056,2058,1
3483,2057,2057,1
3484,2057,2058,1
3485,2058,2058,1
3486,2059,2059,1
3487,2060,2060,1
3488,2061,2061,1
3489,2062,2062,1
3490,2062,2063,1
3491,2062,2064,1
3492,2062,2065,1
3493,2062,2066,1
3494,2063,2063,1
3495,2063,2064,1
3496,2063,2065,1
3497,2063,2066,1
3498,2064,2064,1
3499,2064,2065,1
3500,2064,2066,1
3501,2065,2065,1
3502,2065,2066,1
3503,2066,2066,1
3504,2067,2067,1
3505,2068,2068,1
3506,2068,2069,1
3507,2068,2070,1
3508,2069,2069,1
3509,2069,2070,1
3510,2070,2070,1
3511,2071,2071,1
3512,2072,2072,1
3513,2073,2073,1
3514,2074,2074,1
3515,2075,2075,1
3516,2076,2076,1
3517,2076,2077,1
3518,2077,2077,1
3519,2078,2078,1
3520,2078,2079,1
3521,2078,2080,1
3522,2079,2079,1
3523,2079,2080,1
3524,2080,2080,1
3525,2081,2081,1
3526,2081,2082,1
3527,2081,2083,1
3528,2082,2082,1
3529,2082,2083,1
3530,2083,2083,1
3531,2084,2084,1
3532,2084,2085,1
3533,2084,2086,1
3534,2085,2085,1
3535,2085,2086,1
3536,2086,2086,1
3537,2087,2087,1
3538,2088,2088,1
3539,2089,2089,1
3540,2090,2090,1
3541,2091,2091,1
3542,2091,2092,1
3543,2092,2092,1
3544,2093,2093,1
3545,2094,2094,1
3546,2095,2095,1
3547,2095,2096,1
3548,2095,2097,1
3549,2096,2096,1
3550,2096,2097,1
3551,2097,2097,1
3552,2098,2098,1
3553,2098,2099,1
3554,2098,2100,1
3555,2099,2099,1
3556,2099,2100,1
3557,2100,2100,1
3558,2101,2101,1
3559,2102,2102,1
3560,2103,2103,1
3561,2103,2104,1
3562,2104,2104,1
3563,2105,2105,1
3564,2105,2106,1
3565,2106,2106,1
3566,2107,2107,1
3567,2108,2108,1
3568,2109,2109,1
3569,2109,2110,1
3570,2110,2110,1
3571,2111,2111,1
3572,2112,2112,1
3573,2113,2113,1
3574,2113,2114,1
3575,2114,2114,1
3576,2115,2115,1
3577,2115,2116,1
3578,2116,2116,1
3579,2117,2117,1
3580,2118,2118,1
3581,2119,2119,1
3582,2120,2120,1
3583,2121,2121,1
3584,2121,2122,1
3585,2121,2123,1
3586,2122,2122,1
3587,2122,2123,1
3588,2123,2123,1
3589,2124,2124,1
3590,2125,2125,1
3591,2126,2126,1
3592,2127,2127,1
3593,2128,2128,1
3594,2128,2129,1
3595,2129,2129,1
3596,2130,2130,1
3597,2130,2131,1
3598,2131,2131,1
3599,2132,2132,1
3600,2133,2133,1
3601,2134,2134,1
3602,2135,2135,1
3603,2136,2136,1
3604,2137,2137,1
3605,2138,2138,1
3606,2139,2139,1
3607,2139,2140,1
3608,2140,2140,1
3609,2141,2141,1
3610,2141,2142,1
3611,2142,2142,1
3612,2143,2143,1
3613,2144,2144,1
3614,2144,2145,1
3615,2145,2145,1
3616,2146,2146,1
3617,2147,2147,1
3618,2147,2148,1
3619,2147,2149,1
3620,2148,2148,1
3621,2148,2149,1
3622,2149,2149,1
3623,2150,2150,1
3624,2151,2151,1
3625,2151,2152,1
3626,2151,2153,1
3627,2152,2152,1
3628,2152,2153,1
3629,2153,2153,1
3630,2154,2154,1
3631,2154,2155,1
3632,2155,2155,1
3633,2156,2156,1
3634,2156,2157,1
3635,2156,2158,1
3636,2156,2159,1
3637,2156,2160,1
3638,2157,2157,1
3639,2157,2158,1
3640,2157,2159,1
3641,2157,2160,1
3642,2158,2158,1
3643,2158,2159,1
3644,2158,2160,1
3645,2159,2159,1
3646,2159,2160,1
3647,2160,2160,1
3648,2161,2161,1
3649,2162,2162,1
3650,2162,2163,1
3651,2162,2164,1
3652,2162,2165,1
3653,2163,2163,1
3654,2163,2164,1
3655,2163,2165,1
3656,2164,2164,1
3657,2164,2165,1
3658,2165,2165,1
3659,2166,2166,1
3660,2167,2167,1
3661,2168,2168,1
3662,2169,2169,1
3663,2170,2170,1
3664,2171,2171,1
3665,2172,2172,1
3666,2172,2173,1
3667,2173,2173,1
3668,2174,2174,1
3669,2175,2175,1
3670,2175,2176,1
3671,2175,2177,1
3672,2176,2176,1
3673,2176,2177,1
3674,2177,2177,1
3675,2178,2178,1
3676,2179,2179,1
3677,2179,2180,1
3678,2180,2180,1
3679,2181,2181,1
3680,2182,2182,1
3681,2182,2183,1
3682,2183,2183,1
3683,2184,2184,1
3684,2185,2185,1
3685,2186,2186,1
3686,2186,2187,1
3687,2187,2187,1
3688,2188,2188,1
3689,2188,2189,1
3690,2188,2190,1
3691,2188,2191,1
3692,2189,2189,1
3693,2189,2190,1
3694,2189,2191,1
3695,2190,2190,1
3696,2190,2191,1
3697,2191,2191,1
3698,2192,2192,1
3699,2192,2193,1
3700,2193,2193,1
3701,2194,2194,1
3702,2195,2195,1
3703,2196,2196,1
3704,2196,2197,1
3705,2196,2198,1
3706,2196,2199,1
3707,2197,2197,1
3708,2197,2198,1
3709,2197,2199,1
3710,2198,2198,1
3711,2198,2199,1
3712,2199,2199,1
3713,2200,2200,1
3714,2201,2201,1
3715,2202,2202,1
3716,2202,2203,1
3717,2203,2203,1
3718,2204,2204,1
3719,2205,2205,1
3720,2206,2206,1
3721,2206,2207,1
3722,2207,2207,1
3723,2208,2208,1
3724,2209,2209,1
3725,2210,2210,1
3726,2210,2211,1
3727,2211,2211,1
3728,2212,2212,1
3729,2213,2213,1
3730,2214,2214,1
3731,2215,2215,1
3732,2216,2216,1
3733,2216,2217,1
3734,2217,2217,1
3735,2218,2218,1
3736,2219,2219,1
3737,2219,2220,1
3738,2220,2220,1
3739,2221,2221,1
3740,2221,2222,1
3741,2222,2222,1
3742,2223,2223,1
3743,2223,2224,1
3744,2224,2224,1
3745,2225,2225,1
3746,2226,2226,1
3747,2227,2227,1
3748,2228,2228,1
3749,2228,2229,1
3750,2229,2229,1
3751,2230,2230,1
3752,2230,2231,1
3753,2230,2232,1
3754,2230,2233,1
3755,2230,2234,1
3756,2230,2235,1
3757,2230,2236,1
3758,2230,2237,1
3759,2230,2238,1
3760,2230,2239,1
3761,2230,2240,1
3762,2231,2231,1
3763,2231,2232,1
3764,2231,2233,1
3765,2231,2234,1
3766,2231,2235,1
3767,2231,2236,1
3768,2231,2237,1
3769,2231,2238,1
3770,2231,2239,1
3771,2231,2240,1
3772,2232,2232,1
3773,2232,2233,1
3774,2232,2234,1
3775,2232,2235,1
3776,2232,2236,1
3777,2232,2237,1
3778,2232,2238,1
3779,2232,2239,1
3780,2232,2240,1
3781,2233,2233,1
3782,2233,2234,1
3783,2233,2235,1
3784,2233,2236,1
3785,2233,2237,1
3786,2233,2238,1
3787,2233,2239,1
3788,2233,2240,1
3789,2234,2234,1
3790,2234,2235,1
3791,2234,2236,1
3792,2234,2237,1
3793,2234,2238,1
3794,2234,2239,1
3795,2234,2240,1
3796,2235,2235,1
3797,2235,2236,1
3798,2235,2237,1
3799,2235,2238,1
3800,2235,2239,1
3801,2235,2240,1
3802,2236,2236,1
3803,2236,2237,1
3804,2236,2238,1
3805,2236,2239,1
3806,2236,2240,1
3807,2237,2237,1
3808,2237,2238,1
3809,2237,2239,1
3810,2237,2240,1
3811,2238,2238,1
3812,2238,2239,1
3813,2238,2240,1
3814,2239,2239,1
3815,2239,2240,1
3816,2240,2240,1
3817,2241,2241,1
3818,2241,2242,1
3819,2242,2242,1
3820,2243,2243,1
3821,2243,2244,1
3822,2243,2245,1
3823,2243,2246,1
3824,2244,2244,1
3825,2244,2245,1
3826,2244,2246,1
3827,2245,2245,1
3828,2245,2246,1
3829,2246,2246,1
3830,2247,2247,1
3831,2248,2248,1
3832,2248,2249,1
3833,2248,2250,1
3834,2248,2251,1
3835,2249,2249,1
3836,2249,2250,1
3837,2249,2251,1
3838,2250,2250,1
3839,2250,2251,1
3840,2251,2251,1
3841,2252,2252,1
3842,2252,2253,1
3843,2253,2253,1
3844,2254,2254,1
3845,2254,2255,1
3846,2255,2255,1
3847,2256,2256,1
3848,2257,2257,1
3849,2258,2258,1
3850,2258,2259,1
3851,2258,2260,1
3852,2259,2259,1
3853,2259,2260,1
3854,2260,2260,1
3855,2260,2261,1
3856,2261,2261,1
3857,2262,2262,1
3858,2263,2263,1
3859,2264,2264,1
3860,2265,2265,1
3861,2265,2266,1
3862,2266,2266,1
3863,2267,2267,1
3864,2268,2268,1
3865,2268,2269,1
3866,2269,2269,1
3867,2270,2270,1
3868,2270,2271,1
3869,2271,2271,1
3870,2272,2272,1
3871,2272,2273,1
3872,2272,2274,1
3873,2272,2275,1
3874,2273,2273,1
3875,2273,2274,1
3876,2273,2275,1
3877,2274,2274,1
3878,2274,2275,1
3879,2275,2275,1
3880,2276,2276,1
3881,2276,2277,1
3882,2277,2277,1
3883,2278,2278,1
3884,2278,2279,1
3885,2279,2279,1
3886,2280,2280,1
3887,2281,2281,1
3888,2282,2282,1
3889,2282,2283,1
3890,2283,2283,1
3891,2284,2284,1
3892,2284,2285,1
3893,2284,2286,1
3894,2285,2285,1
3895,2285,2286,1
3896,2286,2286,1
3897,2287,2287,1
3898,2287,2288,1
3899,2287,2289,1
3900,2288,2288,1
3901,2288,2289,1
3902,2289,2289,1
3903,2290,2290,1
3904,2291,2291,1
3905,2292,2292,1
3906,2293,2293,1
3907,2294,2294,1
3908,2295,2295,1
3909,2295,2296,1
3910,2295,2297,1
3911,2295,2298,1
3912,2295,2299,1
3913,2296,2296,1
3914,2296,2297,1
3915,2296,2298,1
3916,2296,2299,1
3917,2297,2297,1
3918,2297,2298,1
3919,2297,2299,1
3920,2298,2298,1
3921,2298,2299,1
3922,2299,2299,1
3923,2300,2300,1
3924,2300,2301,1
3925,2300,2302,1
3926,2301,2301,1
3927,2301,2302,1
3928,2302,2302,1
3929,2303,2303,1
3930,2303,2304,1
3931,2303,2305,1
3932,2304,2304,1
3933,2304,2305,1
3934,2305,2305,1
3935,2305,2306,1
3936,2305,2307,1
3937,2306,2306,1
3938,2306,2307,1
3939,2307,2307,1
3940,2308,2308,1
3941,2308,2309,1
3942,2309,2309,1
3943,2310,2310,1
3944,2310,2311,1
3945,2310,2312,1
3946,2311,2311,1
3947,2311,2312,1
3948,2312,2312,1
3949,2313,2313,1
3950,2313,2314,1
3951,2313,2315,1
3952,2313,2316,1
3953,2314,2314,1
3954,2314,2315,1
3955,2314,2316,1
3956,2315,2315,1
3957,2315,2316,1
3958,2316,2316,1
3959,2317,2317,1
3960,2317,2318,1
3961,2317,2319,1
3962,2318,2318,1
3963,2318,2319,1
3964,2319,2319,1
3965,2320,2320,1
3966,2321,2321,1
3967,2321,2322,1
3968,2321,2323,1
3969,2322,2322,1
3970,2322,2323,1
3971,2323,2323,1
3972,2324,2324,1
3973,2325,2325,1
3974,2326,2326,1
3975,2326,2327,1
3976,2326,2328,1
3977,2326,2329,1
3978,2326,2330,1
3979,2327,2327,1
3980,2327,2328,1
3981,2327,2329,1
3982,2327,2330,1
3983,2328,2328,1
3984,2328,2329,1
3985,2328,2330,1
3986,2329,2329,1
3987,2329,2330,1
3988,2330,2330,1
3989,2331,2331,1
3990,2331,2332,1
3991,2331,2333,1
3992,2332,2332,1
3993,2332,2333,1
3994,2333,2333,1
3995,2334,2334,1
3996,2334,2335,1
3997,2335,2335,1
3998,2336,2336,1
3999,2337,2337,1
4000,2337,2338,1
4001,2337,2339,1
4002,2337,2340,1
4003,2337,2341,1
4004,2337,2342,1
4005,2338,2338,1
4006,2338,2339,1
4007,2338,2340,1
4008,2338,2341,1
4009,2338,2342,1
4010,2339,2339,1
4011,2339,2340,1
4012,2339,2341,1
4013,2339,2342,1
4014,2340,2340,1
4015,2340,2341,1
4016,2340,2342,1
4017,2341,2341,1
4018,2341,2342,1
4019,2342,2342,1
4020,2343,2343,1
4021,2343,2344,1
4022,2343,2345,1
4023,2343,2346,1
4024,2343,2347,1
4025,2343,2348,1
4026,2343,2349,1
4027,2344,2344,1
4028,2344,2345,1
4029,2344,2346,1
4030,2344,2347,1
4031,2344,2348,1
4032,2344,2349,1
4033,2345,2345,1
4034,2345,2346,1
4035,2345,2347,1
4036,2345,2348,1
4037,2345,2349,1
4038,2346,2346,1
4039,2346,2347,1
4040,2346,2348,1
4041,2346,2349,1
4042,2347,2347,1
4043,2347,2348,1
4044,2347,2349,1
4045,2348,2348,1
4046,2348,2349,1
4047,2349,2349,1
4048,2350,2350,1
4049,2350,2351,1
4050,2351,2351,1
4051,2352,2352,1
4052,2353,2353,1
4053,2353,2354,1
4054,2354,2354,1
4055,2355,2355,1
4056,2355,2356,1
4057,2355,2357,1
4058,2355,2358,1
4059,2355,2359,1
4060,2355,2360,1
4061,2355,2361,1
4062,2355,2362,1
4063,2356,2356,1
4064,2356,2357,1
4065,2356,2358,1
4066,2356,2359,1
4067,2356,2360,1
4068,2356,2361,1
4069,2356,2362,1
4070,2357,2357,1
4071,2357,2358,1
4072,2357,2359,1
4073,2357,2360,1
4074,2357,2361,1
4075,2357,2362,1
4076,2358,2358,1
4077,2358,2359,1
4078,2358,2360,1
4079,2358,2361,1
4080,2358,2362,1
4081,2359,2359,1
4082,2359,2360,1
4083,2359,2361,1
4084,2359,2362,1
4085,2360,2360,1
4086,2360,2361,1
4087,2360,2362,1
4088,2361,2361,1
4089,2361,2362,1
4090,2362,2362,1
4091,2363,2363,1
4092,2363,2364,1
4093,2363,2365,1
4094,2364,2364,1
4095,2364,2365,1
4096,2365,2365,1
4097,2366,2366,1
4098,2366,2367,1
4099,2366,2368,1
4100,2366,2369,1
4101,2366,2370,1
4102,2366,2371,1
4103,2367,2367,1
4104,2367,2368,1
4105,2367,2369,1
4106,2367,2370,1
4107,2367,2371,1
4108,2368,2368,1
4109,2368,2369,1
4110,2368,2370,1
4111,2368,2371,1
4112,2369,2369,1
4113,2369,2370,1
4114,2369,2371,1
4115,2370,2370,1
4116,2370,2371,1
4117,2371,2371,1
4118,2372,2372,1
4119,2372,2373,1
4120,2372,2374,1
4121,2372,2375,1
4122,2373,2373,1
4123,2373,2374,1
4124,2373,2375,1
4125,2374,2374,1
4126,2374,2375,1
4127,2375,2375,1
4128,2376,2376,1
4129,2376,2377,1
4130,2376,2378,1
4131,2376,2379,1
4132,2376,2380,1
4133,2376,2381,1
4134,2376,2382,1
4135,2376,2383,1
4136,2376,2384,1
4137,2376,2385,1
4138,2377,2377,1
4139,2377,2378,1
4140,2377,2379,1
4141,2377,2380,1
4142,2377,2381,1
4143,2377,2382,1
4144,2377,2383,1
4145,2377,2384,1
4146,2377,2385,1
4147,2378,2378,1
4148,2378,2379,1
4149,2378,2380,1
4150,2378,2381,1
4151,2378,2382,1
4152,2378,2383,1
4153,2378,2384,1
4154,2378,2385,1
4155,2379,2379,1
4156,2379,2380,1
4157,2379,2381,1
4158,2379,2382,1
4159,2379,2383,1
4160,2379,2384,1
4161,2379,2385,1
4162,2380,2380,1
4163,2380,2381,1
4164,2380,2382,1
4165,2380,2383,1
4166,2380,2384,1
4167,2380,2385,1
4168,2381,2381,1
4169,2381,2382,1
4170,2381,2383,1
4171,2381,2384,1
4172,2381,2385,1
4173,2382,2382,1
4174,2382,2383,1
4175,2382,2384,1
4176,2382,2385,1
4177,2383,2383,1
4178,2383,2384,1
4179,2383,2385,1
4180,2384,2384,1
4181,2384,2385,1
4182,2385,2385,1
4183,2386,2386,1
4184,2386,2387,1
4185,2386,2388,1
4186,2386,2389,1
4187,2387,2387,1
4188,2387,2388,1
4189,2387,2389,1
4190,2388,2388,1
4191,2388,2389,1
4192,2389,2389,1
4193,2390,2390,1
4194,2390,2391,1
4195,2391,2391,1
4196,2392,2392,1
4197,2393,2393,1
4198,2393,2394,1
4199,2394,2394,1
4200,2395,2395,1
4201,2396,2396,1
4202,2396,2397,1
4203,2396,2398,1
4204,2396,2399,1
4205,2397,2397,1
4206,2397,2398,1
4207,2397,2399,1
4208,2398,2398,1
4209,2398,2399,1
4210,2399,2399,1
4211,2400,2400,1
4212,2400,2401,1
4213,2401,2401,1
4214,2402,2402,1
4215,2402,2403,1
4216,2402,2404,1
4217,2403,2403,1
4218,2403,2404,1
4219,2404,2404,1
4220,2405,2405,1
4221,2406,2406,1
4222,2406,2407,1
4223,2406,2408,1
4224,2406,2409,1
4225,2407,2407,1
4226,2407,2408,1
4227,2407,2409,1
4228,2408,2408,1
4229,2408,2409,1
4230,2409,2409,1
4231,2410,2410,1
4232,2410,2411,1
4233,2410,2412,1
4234,2410,2413,1
4235,2411,2411,1
4236,2411,2412,1
4237,2411,2413,1
4238,2412,2412,1
4239,2412,2413,1
4240,2413,2413,1
4241,2414,2414,1
4242,2414,2415,1
4243,2414,2416,1
4244,2414,2417,1
4245,2414,2418,1
4246,2415,2415,1
4247,2415,2416,1
4248,2415,2417,1
4249,2415,2418,1
4250,2416,2416,1
4251,2416,2417,1
4252,2416,2418,1
4253,2417,2417,1
4254,2417,2418,1
4255,2418,2418,1
4256,2419,2419,1
4257,2419,2420,1
4258,2420,2420,1
4259,2421,2421,1
4260,2421,2422,1
4261,2422,2422,1
4262,2423,2423,1
4263,2423,2424,1
4264,2423,2425,1
4265,2424,2424,1
4266,2424,2425,1
4267,2425,2425,1
4268,2847,1200,1
4269,2847,1201,1
4270,2847,1202,1
4271,2847,1205,1
4272,2847,1206,1
4273,2847,1207,1
4274,2848,1200,1
4275,2848,1201,1
4276,2848,1202,1
4277,2848,1205,1
4278,2848,1206,1
4279,2848,1207,1
4280,2849,1200,1
4281,2849,1201,1
4282,2849,1202,1
4283,2849,1205,1
4284,2849,1206,1
4285,2849,1207,1
4286,2850,1200,1
4287,2850,1201,1
4288,2850,1202,1
4289,2850,1205,1
4290,2850,1206,1
4291,2850,1207,1
4292,2851,1200,1
4293,2851,1201,1
4294,2851,1202,1
4295,2851,1205,1
4296,2851,1206,1
4297,2851,1207,1
4298,2852,1205,1
4299,2852,1206,1
4300,2852,1207,1
4301,2853,1218,1
4302,2853,1219,1
4303,3047,1586,1
4304,3047,1587,1
4305,3047,1588,1
4306,3047,1589,1
4307,3047,1590,1
4308,3047,1591,1
4309,3048,1586,1
4310,3048,1587,1
4311,3048,1588,1
4312,3048,1589,1
4313,3048,1590,1
4314,3048,1591,1
4315,3057,1678,1
4316,3057,1679,1
4317,3057,1680,1
4318,3057,1681,1
4319,3057,1682,1
4320,3057,1683,1
4321,3057,1684,1
4322,3057,1685,1
4323,3057,1686,1
4324,3057,1687,1
4325,3057,1688,1
4326,3057,1689,1
4327,3057,1690,1
4328,3057,1691,1
4329,3057,1692,1
4330,3057,1693,1
4331,3057,1694,1
4332,3057,1695,1
4333,3057,1696,1
4334,3057,1697,1
4335,3057,1698,1
4336,3057,1699,1
4337,3057,1700,1
4338,3058,1678,1
4339,3058,1679,1
4340,3058,1680,1
4341,3058,1681,1
4342,3058,1682,1
4343,3058,1683,1
4344,3058,1684,1
4345,3058,1685,1
4346,3058,1686,1
4347,3058,1687,1
4348,3058,1688,1
4349,3058,1689,1
4350,3058,1690,1
4351,3058,1691,1
4352,3058,1692,1
4353,3058,1693,1
4354,3058,1694,1
4355,3058,1695,1
4356,3058,1696,1
4357,3058,1697,1
4358,3058,1698,1
4359,3058,1699,1
4360,3058,1700,1
4361,3059,1693,1
4362,3059,1694,1
4363,3059,1695,1
4364,3059,1696,1
4365,3059,1697,1
4366,3059,1698,1
4367,3059,1699,1
4368,3059,1700,1
4369,3060,1693,1
4370,3060,1694,1
4371,3060,1695,1
4372,3060,1696,1
4373,3060,1697,1
4374,3060,1698,1
4375,3060,1699,1
4376,3060,1700,1
4377,3061,1693,1
4378,3061,1694,1
4379,3061,1695,1
4380,3061,1696,1
4381,3061,1697,1
4382,3061,1698,1
4383,3061,1699,1
4384,3061,1700,1
4385,3062,1693,1
4386,3062,1694,1
4387,3062,1695,1
4388,3062,1696,1
4389,3062,1697,1
4390,3062,1698,1
4391,3062,1699,1
4392,3062,1700,1
4393,3063,1696,1
4394,3063,1697,1
4395,3063,1698,1
4396,3063,1699,1
4397,3063,1700,1
4398,3064,1698,1
4399,3064,1699,1
4400,3064,1700,1
4401,3065,1705,1
4402,3065,1706,1
4403,3065,1707,1
4404,3065,1708,1
4405,3065,1709,1
4406,3065,1710,1
4407,3065,1711,1
4408,3065,1712,1
4409,3065,1713,1
4410,3065,1714,1
4411,3065,1715,1
4412,3065,1716,1
4413,3065,1717,1
4414,3065,1718,1
4415,3065,1719,1
4416,3065,1720,1
4417,3065,1721,1
4418,3065,1722,1
4419,3065,1723,1
4420,3065,1724,1
4421,3065,1725,1
4422,3066,1705,1
4423,3066,1706,1
4424,3066,1707,1
4425,3066,1708,1
4426,3066,1709,1
4427,3066,1710,1
4428,3066,1711,1
4429,3066,1712,1
4430,3066,1713,1
4431,3066,1714,1
4432,3066,1715,1
4433,3066,1716,1
4434,3066,1717,1
4435,3066,1718,1
4436,3066,1719,1
4437,3066,1720,1
4438,3066,1721,1
4439,3066,1722,1
4440,3066,1723,1
4441,3066,1724,1
4442,3066,1725,1
4443,3067,1706,1
4444,3067,1707,1
4445,3067,1708,1
4446,3067,1709,1
4447,3067,1710,1
4448,3067,1711,1
4449,3067,1712,1
4450,3067,1713,1
4451,3067,1714,1
4452,3067,1715,1
4453,3067,1716,1
4454,3067,1717,1
4455,3067,1718,1
4456,3067,1719,1
4457,3067,1720,1
4458,3067,1721,1
4459,3067,1722,1
4460,3067,1723,1
4461,3067,1724,1
4462,3067,1725,1
4463,3067,1726,1
4464,3067,1727,1
4465,3067,1728,1
4466,3067,1729,1
4467,3067,1730,1
4468,3067,1731,1
4469,3067,1732,1
4470,3067,1733,1
4471,3067,1734,1
4472,3067,1735,1
4473,3067,1736,1
4474,3067,1737,1
4475,3067,1738,1
4476,3067,1739,1
4477,3068,1712,1
4478,3068,1713,1
4479,3068,1714,1
4480,3068,1715,1
4481,3068,1716,1
4482,3068,1717,1
4483,3068,1718,1
4484,3068,1719,1
4485,3068,1720,1
4486,3068,1721,1
4487,3068,1722,1
4488,3068,1723,1
4489,3068,1724,1
4490,3068,1725,1
4491,3068,1726,1
4492,3068,1727,1
4493,3068,1728,1
4494,3068,1729,1
4495,3068,1730,1
4496,3068,1731,1
4497,3068,1732,1
4498,3068,1733,1
4499,3068,1734,1
4500,3068,1735,1
4501,3068,1736,1
4502,3068,1737,1
4503,3068,1738,1
4504,3068,1739,1
4505,3069,1720,1
4506,3069,1721,1
4507,3069,1722,1
4508,3069,1723,1
4509,3069,1724,1
4510,3069,1725,1
4511,3069,1726,1
4512,3069,1727,1
4513,3069,1728,1
4514,3069,1729,1
4515,3069,1730,1
4516,3069,1731,1
4517,3069,1732,1
4518,3069,1733,1
4519,3069,1734,1
4520,3069,1735,1
4521,3069,1736,1
4522,3069,1737,1
4523,3069,1738,1
4524,3069,1739,1
4525,3070,1726,1
4526,3070,1727,1
4527,3070,1728,1
4528,3070,1729,1
4529,3070,1730,1
4530,3070,1731,1
4531,3070,1732,1
4532,3070,1733,1
4533,3070,1734,1
4534,3070,1735,1
4535,3070,1736,1
4536,3070,1737,1
4537,3070,1738,1
4538,3070,1739,1
4539,3071,1737,1
4540,3071,1738,1
4541,3071,1739,1
4542,3074,1741,1
4543,3074,1742,1
4544,3074,1743,1
4545,3074,1744,1
4546,3074,1745,1
4547,3074,1746,1
4548,3075,1741,1
4549,3075,1742,1
4550,3075,1743,1
4551,3075,1744,1
4552,3075,1745,1
4553,3075,1746,1
4554,3076,1741,1
4555,3076,1742,1
4556,3076,1743,1
4557,3076,1744,1
4558,3076,1745,1
4559,3076,1746,1
4560,3077,1741,1
4561,3077,1742,1
4562,3077,1743,1
4563,3077,1744,1
4564,3077,1745,1
4565,3077,1746,1
4566,3078,1741,1
4567,3078,1742,1
4568,3078,1743,1
4569,3078,1744,1
4570,3078,1745,1
4571,3078,1746,1
4572,3079,1741,1
4573,3079,1742,1
4574,3079,1743,1
4575,3079,1744,1
4576,3079,1745,1
4577,3079,1746,1
4578,3079,1747,1
4579,3079,1748,1
4580,3079,1749,1
4581,3080,1741,1
4582,3080,1742,1
4583,3080,1743,1
4584,3080,1744,1
4585,3080,1745,1
4586,3080,1746,1
4587,3080,1747,1
4588,3080,1748,1
4589,3080,1749,1
4590,3081,1741,1
4591,3081,1742,1
4592,3081,1743,1
4593,3081,1744,1
4594,3081,1745,1
4595,3081,1746,1
4596,3081,1747,1
4597,3081,1748,1
4598,3081,1749,1
4599,3082,1744,1
4600,3082,1745,1
4601,3082,1746,1
4602,3082,1747,1
4603,3082,1748,1
4604,3082,1749,1
4605,3083,1744,1
4606,3083,1745,1
4607,3083,1746,1
4608,3083,1747,1
4609,3083,1748,1
4610,3083,1749,1
4611,3114,1885,1
4612,3115,1890,1
4613,3115,1891,1
4614,3115,1892,1
4615,3157,2225,1
4616,3195,2337,1
4617,3195,2338,1
4618,3195,2339,1
4619,3195,2340,1
4620,3195,2341,1
4621,3195,2342,1
4622,3197,2410,1
4623,3197,2411,1
4624,3197,2412,1
4625,3197,2413,1
4626,3198,2410,1
4627,3198,2411,1
4628,3198,2412,1
4629,3198,2413,1
4630,3199,2410,1
4631,3199,2411,1
4632,3199,2412,1
4633,3199,2413,1
4634,3403,1944,1
4635,3403,1945,1
4636,3403,1946,1
4637,3403,1947,1
4638,3403,1948,1
4639,3403,1949,1
4640,3454,2423,1
4641,3455,2423,1
4642,7305,26,1
4643,7306,26,1
4644,7307,26,1
